188894004
162199730
137940643
116563712
93853839
77254224
62256934
42969080
37191796
34439499
30542660
20741188
15995747
6343586
5802902
5439741
2635961
365356
194938
612203
602163
1263803
92047
5265
155149
782500
332746
389210
15886
144771
252624
425012
385921
550082
40901
40901
40901
143530
145102
759551
223152
524335
524335
541015
76245
76245
43896
142229
434448
247425
621171
56590
56590
151974
620290
137379
34964
256920
114410
18887
5514
391393
719623
217550
432729
157307
131699
31314
39281
25030
404802
225471
237341
119037
357094
452746
268687
245096
677526
391156
315017
49497
70373
264617
526024
215235
383730
63400
331597
136523
220283
850248
370719
87447
310176
91884
259802
104675
97179
29543
17309
17309
94500
469424
352279
48821
111262
185266
577001
983188
221413
221413
74007
231877
776777
149245
83264
464361
410672
255114
71968
277901
29968
162495
9167
391107
368030
451672
223843
650746
241033
510942
675777
86787
94247
94247
1044804
41667
122541
251917
251917
381573
438173
59622
376433
162191
765989
452611
144243
194410
446893
598138
400938
193787
39377
66138
102963
88253
459266
256235
908494
576955
313235
112055
306248
93297
235453
348622
423036
179844
141815
334984
715203
262315
206392
32814
20209
237864
512930
379711
142985
422660
469989
797998
98688
682504
51763
98866
282723
234075
116624
110515
174837
521310
275451
264429
227820
180423
39295
185277
596488
485722
300584
8961
777164
335037
542295
141563
179864
257998
13250
544911
103308
103308
103308
207110
135447
210274
85887
388203
343968
858372
326709
232245
201179
213752
181682
145616
752076
569626
873108
28999
28999
177515
326663
148969
148969
344294
182999
282805
203862
223873
421883
146631
65204
499448
170242
715356
189956
114669
410592
403813
265998
90556
1263826
185709
611694
443393
424188
46540
110636
607669
133219
110782
862531
438679
112452
249554
72479
101566
7034
183294
183294
324846
86741
12266
12266
12266
341487
24181
151349
238759
328984
146727
146727
251313
142480
142480
206464
3240
4302
135735
79042
155655
222261
321917
293065
439776
395354
80574
146212
249038
96409
93423
65485
94145
235537
415300
215682
177751
501274
156596
655933
384620
227343
185858
197269
752044
106554
39465
97887
180754
258094
403912
402802
259965
179557
639375
126127
1256312
1005487
626637
149836
155120
111436
414069
181943
215538
330306
289075
637803
944520
227628
192055
702436
225211
48675
265000
380035
295692
1204986
24346
24346
136706
317522
21246
472266
45666
92130
220993
284178
184807
29599
211790
390507
305073
17629
17629
492235
129239
4072
263090
78943
85065
145546
147340
34477
145595
196279
619395
497135
129092
116945
15085
412747
897333
416679
256795
204183
243910
243910
195524
165770
853998
192880
294860
25103
156111
182258
486192
106490
603138
116054
165930
114975
114975
114975
85405
519338
48689
272477
52617
275097
358673
912849
283346
113233
260314
287798
66716
255040
640684
204899
327484
530271
264553
393800
77230
241510
49565
35227
17323
17323
51086
235240
234615
738094
210904
343917
151768
186266
473468
974824
602066
241078
472268
439082
279692
65901
241855
426095
329598
37387
3412
157879
472967
597294
659092
71196
254316
132331
132331
35158
151659
257175
86420
86420
404701
116527
255346
305573
7997
3897
149820
7239
65600
453557
873607
3657
86530
235149
226944
226944
136280
363518
3568
102211
178346
563208
338652
362347
232117
231490
79572
436492
404186
263001
30093
10553
734254
141404
616778
124819
274437
461237
112816
112816
201573
527204
681065
162366
152895
34612
229973
14456
104034
276126
745084
137924
681082
136808
5539
264872
73158
424830
84657
84657
228761
148179
403171
771606
38619
33970
192629
134348
512251
281546
230413
590092
1895
139179
162181
79201
218555
307962
248346
34355
52732
59607
59607
228135
228135
39331
211037
121038
151317
357937
408209
218485
243193
2124
500505
834480
675372
219598
369537
340268
2464
558644
213705
845531
696814
52141
313673
30176
306989
19043
317854
196468
38016
164583
332365
621856
227431
409831
217091
431415
174652
129273
575669
258107
25875
110744
254507
219822
239876
378615
189586
448242
808254
714272
101387
68685
429117
130448
33667
237927
367963
259507
37920
56196
20646
20675
45241
192632
186718
28426
281686
757459
234633
131281
3847
41107
104614
121860
224545
74170
527265
168587
345968
238570
238570
129739
272119
291634
291590
291590
6077
158108
438941
110904
55005
25556
25556
451
130737
441634
1219907
39578
7764
167463
118554
90423
73625
363770
726161
298331
62915
333070
566860
141503
137117
60291
107934
63983
222222
239827
270356
460855
1078367
291763
225956
163192
462143
246935
384873
518161
17805
166231
9365
51651
51651
3384
29775
1000899
2140
2140
416607
200567
459704
219645
542557
40669
164051
164051
106950
626735
75116
224498
274520
32870
721145
1088793
475435
137988
149208
23370
187785
386920
247604
288131
551005
179908
572058
168866
12265
173050
91770
192129
279312
78487
422307
30617
543899
1083614
35314
37364
87494
65563
163591
163591
155537
367493
190831
515993
538146
42896
169312
135477
155639
7814
7814
49805
94637
231054
171170
127324
14635
588552
171169
49055
303859
51756
161556
265879
43556
986
79097
82947
102041
166177
105691
523688
164484
855600
836652
71637
758007
286952
94567
69113
236232
1539263
842130
768061
19107
569281
305692
51721
495456
426594
118821
47692
47692
286867
324200
367050
318647
167387
11054
11054
161071
159517
69177
464762
538914
101888
481827
409111
264932
129165
279190
247055
93420
157936
70610
165847
165847
86785
435056
498715
992644
77516
17256
23639
29807
29807
29807
177067
232345
213649
147182
124755
124755
124755
32981
82354
133431
1234808
36004
128479
28997
246569
6586
346827
46954
63196
63196
12404
342381
1011246
54620
79430
103384
275871
22646
22646
22646
208361
202348
295248
293185
183708
59349
306639
469775
101435
480311
339293
352754
95619
95619
152648
122225
10967
9989
97335
507811
228328
593573
1305102
266134
291128
452869
1342694
546230
26206
306769
343117
337608
88552
467102
49869
77019
107269
129265
169649
3205
1067033
14957
30514
166737
70921
61390
321821
221236
47111
12471
295786
295786
144721
110888
464282
759880
482445
255215
301023
293795
293795
77703
426387
78701
184961
154009
90859
539644
204507
365949
93640
117228
117228
119163
341315
90705
139587
139587
132985
191521
93063
102255
102255
211026
429152
621961
276581
190012
149012
270542
161256
133904
278519
140891
311270
498443
449991
13603
535812
535812
114662
862709
66706
66706
117444
83493
83493
434688
21518
499410
423190
160942
547512
529288
609250
844899
331370
156179
189875
95073
208117
308961
42981
766767
62522
62522
182482
182482
31004
428539
728737
543900
201705
196982
196982
234840
4116
10506
547342
169036
105158
399008
345495
442782
406345
171905
170375
246879
50519
157572
233512
242692
24646
401282
180931
61359
186240
85925
10402
11267
25605
55528
55528
290293
266553
355264
568988
98650
383000
329811
851322
369050
272329
68450
512333
143468
506697
89438
621458
89437
308680
454421
131152
131152
2929
228340
66930
227753
95900
86422
266611
350068
21848
21848
31694
14007
156702
123423
341628
337246
6986
6986
333311
333311
334664
90791
133711
133711
327620
284796
126157
174295
93433
136306
546205
419693
64538
64538
157789
87786
262170
121001
320929
96557
737101
145384
602638
259479
11171
186340
103780
25268
259478
222986
42051
96774
106693
65758
71169
1048756
143022
102645
31888
617445
134125
65175
325455
353222
506230
100093
225446
550016
292397
50977
76879
15468
29256
29256
83445
83445
157047
443952
284745
302666
29004
29004
134322
92806
7409
7409
370705
192766
58913
449629
154589
359849
68418
304981
115714
9782
101292
114253
662907
294918
171002
339263
241882
77926
59304
175386
185180
54284
54284
115171
296194
4030
4030
440559
439243
138118
338080
303703
123048
173806
257246
279647
312448
16875
16875
998
998
25578
71607
44664
197674
6050
514428
368212
629517
366334
35485
15631
133221
131010
405363
168706
32758
367972
28971
2652
84546
165047
387456
250878
123199
129088
199912
217539
432752
103582
329002
27884
27884
591600
416042
68618
172007
479260
443924
291379
26297
67118
167058
177308
69335
107835
290948
220734
15485
25714
25714
288399
412794
503452
349585
361525
528267
61409
150619
338117
1105483
456519
3093
42808
99749
470615
974572
150853
48880
371705
37824
84553
280226
56920
205248
30034
37679
17779
11477
231485
231485
709551
46273
195161
214082
337726
146316
368100
580871
189172
208335
36222
36222
213988
155762
226488
108092
34106
95683
169079
114913
437787
291202
76976
345992
38738
130085
130085
142063
398116
360385
28895
28895
28895
158101
169667
140008
109645
109645
17773
44719
44719
44719
276974
45437
171390
195243
376685
279398
41111
41111
41111
163043
98349
352242
106754
53590
210199
418984
3130
1941
430480
515029
256863
101169
130479
168366
624462
420815
5107
530926
134377
185015
220427
728461
284031
23867
108507
37806
37806
33023
591017
66562
337088
25314
4437
56110
253868
34675
889
244368
259557
56518
503855
127964
620649
133829
62667
17150
620773
86553
165547
249756
271542
31308
108069
272999
159965
75313
299477
120229
120229
103086
362081
87881
503454
92653
120157
176254
97565
236694
194832
13487
20578
159440
815925
137244
242894
495210
195972
335856
115002
89402
590161
338100
136166
421219
750
16934
49781
79837
584805
609999
24536
146313
316104
89292
422792
270915
65555
212630
317620
144933
144933
153979
345061
642513
161192
215959
109205
59025
59025
301835
285281
894171
2453
302480
58713
81919
247775
409215
197835
571885
71153
188410
589687
347465
232041
281764
435481
218213
175631
235982
77335
369497
160645
37252
190626
1130607
697258
104284
451307
50780
67482
39413
39413
4233
4233
334182
743544
362436
265152
265152
127424
532706
419609
97023
5796
41043
26667
84468
271294
239449
72764
182705
114616
269019
189205
193599
962666
358777
458676
161094
483396
418483
270201
34777
462931
736004
27054
180134
283009
44096
44096
804
439915
568460
282406
771635
24499
603976
49729
379545
372416
145500
531957
121829
121829
127033
175570
441915
81477
498479
247624
72527
158480
140562
146661
663395
290983
150163
600636
298639
19959
219867
219867
219867
630586
506569
421028
164286
214837
71757
5031
372880
188612
134164
666094
293406
84410
522503
6749
30898
61656
79804
90294
285793
511764
182539
76466
392391
582235
71212
577676
381569
98877
39291
22896
16904
16904
67516
96955
2299
172679
193237
56006
10678
2623
62709
913188
137833
256415
57674
82146
282268
57620
79450
244108
42428
220583
227323
56532
24766
173845
286340
220107
409670
273248
88628
58244
187804
27149
979461
218666
302142
76100
204147
216991
233888
157278
185074
128042
293165
337651
109704
22901
454197
436706
917867
289603
50671
50671
130271
176032
379553
15571
248465
157455
495059
160957
30061
230130
167950
370568
89410
674400
367690
367321
150963
768093
111480
303961
33512
194917
131892
73348
73348
36870
303920
12304
103873
677975
314790
266769
53679
93796
93796
322910
186753
30025
111521
179473
128675
54680
123832
213620
17443
119709
103880
72854
216643
18692
21623
21623
246098
394410
384030
29728
29728
300745
123468
269493
29045
346442
14440
464237
104980
223486
134834
50532
55781
203033
89124
40544
26357
147491
1600
1600
100369
70366
63490
11487
34629
255826
99139
99139
808974
176535
89514
128605
203063
58615
218945
8957
292517
40250
21818
163927
526583
178651
195769
150555
445513
185441
192269
104532
90220
103377
388365
95336
61472
85139
372353
398037
349417
25831
21657
68497
272433
520912
192220
69997
185042
3107
3107
96636
198141
51190
87741
227008
54146
39067
77234
163932
21136
60658
154793
103854
2598
203071
291861
291861
44800
32260
20724
334603
96652
600715
32970
341702
32810
67818
470180
64043
66590
177934
39035
80229
15737
210611
137959
315734
562416
154721
248080
629078
440396
636103
345166
220564
182135
373730
149459
31474
183986
23091
23091
62910
93311
51782
63271
38749
218635
15662
19643
125287
471979
94735
43694
203283
152315
5407
111335
111335
172136
112282
332175
66383
220549
44312
155974
431189
102110
298459
240170
338226
104075
490951
11558
212957
43201
166812
376836
172169
543522
463743
220646
21309
99538
657782
575626
248546
282452
306260
86210
206344
49999
101527
196093
83823
42293
572785
241968
241968
46376
46376
46376
273363
317950
121272
366
90902
220758
197783
504497
220943
26438
26438
281697
127677
35018
23324
254648
297771
224315
728278
96198
90321
318158
62562
317871
281100
95898
126245
277084
148411
554218
733672
215568
191933
314791
264506
198028
14612
8836
8836
8836
88290
88290
51576
68738
93454
434951
157760
60167
60167
319024
41795
269902
92947
92947
45806
45806
253191
375176
97274
246022
125793
190893
257595
81401
546569
354506
51299
220206
35938
35938
246786
46647
465034
393456
72895
77976
375730
285487
238787
124078
59505
276321
533939
194400
194400
166663
166663
449588
179350
51400
532522
110555
50132
83942
277210
12781
154652
90882
39226
155328
114563
147035
540580
40804
102905
39912
126572
36409
151128
489107
759992
296413
376376
238440
254847
66912
66912
621595
362330
243482
84272
110906
21190
252349
160433
376182
598108
113411
122200
261111
317821
345713
264391
701820
209886
170517
1271
101577
132543
132543
352656
197018
12514
89506
502504
134548
134548
34740
383086
427486
486004
10223
124956
82504
4309
4309
128748
18055
18055
1210
423068
524117
163559
242287
129018
410263
289541
200014
231889
359007
5680
87354
106914
55515
79642
70780
70780
264702
437062
110454
100736
340842
77827
1226
60603
282110
402481
58248
48440
48440
235344
343013
705119
28786
883617
69849
352951
168914
272462
164443
571859
59531
189129
13666
134876
406847
755069
21735
209714
97768
216812
84187
23075
384432
385710
301883
316032
497583
269613
206422
49287
250535
4015
4015
75780
164951
29859
30884
56227
56227
2515
111459
76243
200528
69251
42135
479262
359954
39589
272097
128889
3192
431562
459714
569963
162144
205852
226500
44753
131384
501325
131085
51834
51834
51834
61545
103504
89642
197489
36453
830576
276335
275563
191934
383581
185750
209115
248794
145956
115420
192670
541322
11988
273956
602445
334424
184646
184646
360573
205376
357945
162723
81387
81387
88326
65833
545689
536873
54670
54670
113915
149286
46908
114412
77299
162846
21153
51861
164244
50172
297208
253559
406143
374779
73255
73255
149524
139305
297904
113906
7778
238619
206643
146949
192750
317940
17386
76364
105310
105310
25385
13744
4272
212471
208091
97834
97834
90438
175153
77712
497720
125202
122608
6403
6403
6403
294460
198440
282893
47196
129524
155258
27595
133615
61380
125380
154261
344925
84619
246934
81153
284464
29171
29171
32352
32352
161024
255606
59468
59468
59468
39733
306781
388766
916
314697
22203
25523
176477
52517
124493
237093
114982
135918
311114
176719
20927
1203
445685
381667
442337
777283
781034
113588
112887
129022
16777
23466
161875
136912
373869
365498
308978
131038
534709
72068
11152
11152
170728
33238
28032
28032
2841
269294
41217
677518
329580
277757
314948
134218
420005
157976
34204
427280
138925
125693
176576
321946
246733
98678
98678
154186
154186
108323
436144
614255
390011
154914
189307
49929
6962
241212
118875
118875
39247
16326
16326
40313
40313
174758
277221
45700
420335
232576
64100
8977
64386
281327
202233
52325
314623
159345
149536
165679
160424
160424
81702
74294
22556
138428
354662
714145
97647
461872
103103
162349
441864
31661
70652
701942
285116
40706
40706
90940
125839
105816
149904
28042
31596
31596
75909
363539
284081
8666
374443
197599
1107
54563
7829
47818
87799
285528
512595
174964
174964
32512
35563
35563
85702
64300
123755
228292
357
320159
247997
175966
200154
338064
242088
183143
317663
117338
53367
154347
22551
154175
254271
184524
404688
43247
71887
220278
214314
38953
607302
466398
268033
184837
188613
117555
148082
61655
49812
21629
520928
194268
350181
35616
189682
327542
130657
636058
124529
407698
109307
407337
350092
284063
4769
4769
104553
192788
97293
97293
65940
48380
48380
315696
120969
77639
316647
134562
134562
282404
913247
137518
265906
392254
302434
491684
336475
157705
712232
1258622
35913
96987
63428
187238
99261
99261
27405
27405
197850
267253
105052
105052
453314
242255
435431
391196
153265
788795
89819
183873
133655
12117
97686
101116
135034
139156
318769
341876
736105
119170
24667
551971
326260
401502
588219
243215
502212
162657
61435
130531
130531
562063
372911
147066
148865
407232
406673
486466
192422
29740
143050
461507
27641
27641
454267
24867
113350
218749
80301
314196
669570
318371
167685
487485
170225
394885
173997
99
289982
64243
168386
292291
180366
228328
171916
693281
768062
258150
27523
27523
127158
190537
42260
263837
334768
185016
29484
73483
377739
166904
126876
126876
210213
156898
150330
386414
186961
161385
53196
110466
66574
66574
240882
39726
72364
411036
60076
267228
37973
311531
149250
75718
2581
2581
86174
86174
41163
116656
95280
58534
87950
135191
135191
246898
136051
335063
374505
137629
138639
219747
13740
13740
36015
70094
132868
353972
74463
67628
293205
180617
246763
353139
125417
61143
61143
4328
265715
517618
19131
179449
46280
101564
39696
4335
472170
146035
1177
117043
43152
179471
205264
274345
175768
366368
47778
549030
79719
79719
92939
201107
147411
8943
618478
294973
45775
25050
297321
86798
40923
120357
103373
427682
492005
16650
137749
140723
48704
48704
161679
250317
158691
196551
145248
208383
83662
83662
21469
113241
10584
96841
5953
70098
168089
178161
178161
458931
236976
171151
392494
230814
217586
145287
258651
32102
28988
98575
30076
260484
230534
242370
139819
39436
49403
172095
144168
143529
492
86639
85189
85189
117466
75600
230682
232846
50219
6762
101472
85251
223559
108231
330432
231658
256849
122644
274141
104037
142104
112484
179876
326854
3260
3260
280784
230090
272978
157318
302629
27424
78617
288041
118425
247012
260518
146510
182091
152601
49541
200109
76081
35367
144039
154633
55238
55238
21951
251630
45140
281633
64904
47126
11088
209677
240998
50604
216695
69616
42200
112498
221214
26795
347650
182593
76659
133783
53551
219940
184094
118615
8079
18376
18376
18376
18376
37218
58319
143797
99597
86246
230781
773390
73333
49118
49118
49118
146573
120008
139196
88595
187202
150902
46946
4109
30383
288281
210979
67714
442724
832852
67801
162224
93077
252608
19093
236670
282934
63373
38601
169891
3710
13999
437626
200245
378828
54927
36702
78436
19104
237549
216836
554392
660150
59841
77640
52028
58640
356464
170746
58842
58842
142528
217082
109515
64636
22622
164650
164650
359185
591625
59245
153637
137922
144338
182053
183805
76230
76230
124315
118969
11822
36745
198220
16100
267502
363838
768524
925386
171830
105126
367405
98982
2119
66242
87502
201862
129649
263018
55170
110535
15921
70053
10355
143589
313371
149966
69584
157509
38010
91745
91745
111218
378943
285
211556
285603
158778
169193
224237
373917
16886
72485
419438
14634
65635
102467
509979
191142
31295
31295
58646
111919
130279
89550
82334
201265
455913
89657
73420
73420
374188
325407
144306
96625
56497
56497
85169
178783
138135
101537
71158
146934
32493
78209
237795
111275
117182
256506
255608
65856
249217
65812
213684
300100
96431
255169
153747
160988
51212
36869
19483
19483
50188
50188
367024
367024
222942
40172
210985
195569
111342
84876
354754
153403
32550
73137
648975
269023
38397
220536
32784
214916
90478
219776
100599
100599
593615
343746
170614
55644
114085
232791
113244
165034
7839
7839
77694
141538
383560
273019
48449
452452
137275
355664
224609
163632
160407
196459
209189
245577
402899
206429
269808
223266
359159
180026
93302
54103
94498
297185
252356
198618
296274
19167
270766
10778
68874
337178
186285
125108
196307
315392
105117
2863
224013
114880
114880
68941
108559
94889
174767
60036
4806
166584
47916
17313
146283
156568
332118
30894
35386
69334
296459
416158
283310
214344
565216
565216
124026
572967
390537
114172
33430
33430
148010
216121
181579
31973
53219
53219
53219
62832
15324
15324
54832
14800
14800
14800
130728
130728
89545
41830
22882
22882
22882
90857
178873
166448
280342
66266
173442
25448
127261
35732
316298
226780
24222
210814
101942
69952
101004
63989
136456
144612
87180
203536
96492
107681
92204
148790
403743
9182
9083
208437
23099
292967
16104
68451
50208
159498
190130
273714
26164
234980
389282
9990
257426
104193
132633
26605
33966
151340
34472
34366
297452
199894
378077
53319
113221
420094
143272
22247
106189
32983
32983
23540
23540
23540
108743
110256
112835
21215
791269
339533
23504
20777
20777
157
27222
27222
36629
36629
98735
252583
49036
286785
268033
119128
118406
92486
128117
88103
60407
5756
7043
78141
40126
40126
85277
80431
10114
291448
364997
600321
44500
142206
142206
57857
15453
289492
320866
173885
68773
29089
326926
457475
318775
70059
270366
8327
126760
44980
211521
151159
208479
8647
9356
116130
2197
294541
12284
114297
35097
169583
48065
69596
69596
1408
193958
475941
141544
47978
42325
23882
108572
76747
168261
43614
110811
492999
208087
137786
563216
85445
85445
372179
47346
139914
139914
91233
13161
261579
175878
58921
4773
23445
125442
11398
248985
165466
235524
500989
44759
77927
427466
127362
570913
112226
111686
190124
7971
195032
68542
154472
68971
175580
72856
22380
51153
111701
105180
372182
110219
195742
68134
68134
68134
150910
237769
59364
137032
37364
72172
120764
52361
438478
75165
791207
11421
19733
164226
7954
251112
367576
75521
60484
97294
49949
42436
80326
171587
187240
102144
139668
44855
195942
156531
14545
190557
259427
612388
761881
58228
58228
58228
58228
58228
81723
41607
248474
129127
275074
256839
42138
138027
107323
339924
308293
150277
229737
17023
41647
19483
514978
14789
14789
14789
14789
14789
33633
228084
189103
281133
20167
20167
10523
119061
55130
26653
66761
218006
82257
303598
172725
325580
76611
76611
44541
59819
59819
59819
59623
49497
49497
307621
67755
156143
80261
123750
77393
68114
195164
375524
282052
273141
180027
125
64549
128405
429211
177057
75327
29176
27329
23555
19983
19983
136797
354808
316685
457025
103488
315032
110720
27843
277440
214860
111146
18628
1174
318201
73879
61346
330265
224505
243865
246519
367290
183480
248715
148101
208713
479889
202684
418228
148882
427565
22939
185740
28337
70627
379205
67742
67742
363782
92409
228688
22819
761
761
761
41721
140565
90967
293639
69783
244260
125478
51201
717973
449006
406735
134984
104488
219137
138244
97974
114586
12825
40277
37484
37484
37484
105129
125777
66579
59827
34204
272516
59966
130403
130403
180467
204797
46659
35378
132268
21794
101367
187269
103037
18980
185666
273462
328559
387192
159700
72676
34120
130914
313299
167756
169281
48563
203849
118952
159688
27987
2187
116629
118818
328648
504839
133159
91540
297507
52031
9467
117106
130877
322645
1624
10135
57720
54877
28868
180789
67024
451390
76467
92341
184729
164616
152762
11127
96508
412264
58069
226886
296425
125973
28527
28527
228375
157857
208120
347916
68327
71324
71324
5081
39433
147071
5145
5145
172338
216185
33619
164281
48774
19824
135503
299649
221397
264040
51350
164998
7449
62331
235106
32700
256739
20162
247019
103144
257706
265575
51154
51154
13999
13999
129329
151146
97902
223850
6763
71627
129852
83500
320493
408838
20159
168928
462370
142923
84699
84699
129461
129461
229683
1133
12549
116845
120116
142669
179557
111011
55136
55136
81626
77063
3544
98658
432668
295903
284567
140460
79450
39036
225874
57706
55182
1065
1065
51904
221840
141389
148926
359279
216728
134682
108447
108447
70882
345499
17368
17368
54632
154637
459239
410236
116960
10535
65715
218826
21138
242915
32846
52515
377017
17943
102031
10352
29519
29519
128486
338963
107670
5189
107697
218259
115598
120430
102511
1642
98539
98539
157424
293883
1126
99936
345400
161879
38104
312147
27114
22168
217641
46442
69207
2226
11090
167737
158546
88941
100441
100441
146680
146680
182090
299985
207782
148087
134036
32438
81399
59369
186375
129688
180729
76631
135955
95462
132260
122234
99406
357013
83537
21611
21611
57606
50719
50719
279125
260245
62381
5153
5153
5153
157728
532626
24571
123734
145811
175276
161137
103864
174113
109090
196739
36127
418623
40933
40933
11214
144660
61808
1808
80453
121375
25120
75258
54837
195017
584328
2708
2708
152656
5929
5425
5425
231709
12343
12343
12343
63275
100521
153132
77965
59996
70424
93885
13215
13215
13089
23973
64532
47106
320618
250231
167746
185427
134519
109533
182148
26752
136628
220594
112577
17114
174273
89315
89315
12250
191104
191104
150450
737362
270631
184622
220107
76575
23925
188837
293648
217590
55342
196102
245622
263408
381550
45022
557842
234731
106355
94306
74155
195834
21399
13559
221438
227755
98243
5966
97349
79936
162893
69275
99373
111514
197482
211405
11559
163927
336409
50032
50032
50032
50032
50032
25177
192723
179236
46913
7434
158256
220022
220022
164110
114899
15789
90760
229190
203644
125688
297248
98402
195342
194199
293389
58273
59112
169332
103300
11412
26404
83720
109496
109496
82591
82591
258041
167930
215240
583125
25613
198659
159745
5633
309277
60851
116025
104720
453359
65550
157351
20875
7665
167759
250976
14438
51222
277199
79395
223744
281546
82917
123501
180711
178067
9199
102419
102419
365
365
345541
19071
53241
52573
206209
328106
85209
33344
7408
7408
91251
32120
144777
137174
8533
65914
50601
154068
89850
168962
29275
45784
135432
109462
69188
105691
125719
6781
154940
288060
152100
49795
124933
118836
22644
127954
160747
220667
76913
58833
29559
140359
185800
33964
138862
152332
205034
100066
26116
207122
678
163648
3728
8743
94027
39794
84069
27012
42173
90325
29151
68384
198352
10980
10980
393064
166916
378094
67216
48672
337512
219919
15178
130401
83806
121452
170220
244708
58753
98283
98283
285971
19017
30101
62738
113983
171144
255057
207765
163206
80169
9449
107700
67912
67912
151386
61145
355700
720104
47629
266540
40167
200319
101131
48038
65711
78974
78974
55227
90644
174828
106406
27616
229823
105993
390215
475279
194533
26723
89873
24740
124177
138200
129239
128006
23064
302139
34684
103892
337437
28092
28092
28092
72139
94100
24455
24455
207213
173729
84424
85198
15809
406640
91785
100222
192920
69781
72533
222365
58951
133841
255572
43327
373088
343850
80134
73763
38934
35022
35022
108253
66460
7171
85605
114608
91513
115639
115639
98895
295030
101378
148441
26491
1185
1185
35796
49536
49536
23142
55145
368078
90152
195185
183910
188877
352300
209099
24914
264013
147552
126056
118360
111447
141635
88799
452196
28894
35471
180914
148086
43665
221326
78498
217728
83660
94216
181646
181394
171693
174725
46782
194831
267288
347680
158764
5866
221658
66041
59612
36137
36137
5861
5861
12846
12846
153275
303544
13372
148763
51090
317011
8988
161904
15405
54063
233067
33657
20744
20744
20744
45925
37124
112094
162885
138254
138254
109937
282316
233325
374300
305457
22843
37554
7377
27249
27249
8898
39404
167867
21452
14491
53033
135596
98282
329451
208769
47065
47065
47065
71470
179264
67472
169198
47766
211812
288215
368306
123236
89456
211320
106083
186283
127727
174226
55287
7210
104258
166665
99989
257896
26007
76917
51233
374042
217698
142533
64288
64288
314497
7201
283617
253426
51734
8421
339059
71108
135175
117305
96043
62103
187288
5432
78803
52606
52606
90183
349771
42713
107124
65149
77985
325086
798
19172
816
22428
142380
19464
10008
55320
73419
6643
33906
41718
4532
122294
18682
8386
272720
245616
237445
127378
16849
88797
154119
87313
44076
45323
44801
279212
177538
178987
146006
117246
7622
48774
173010
263692
446569
362815
37298
19809
28994
138393
132462
91640
88408
7538
60574
47791
127338
267817
133892
427727
98738
243317
1415
189897
258684
126819
45745
261991
164735
85115
79145
25627
383937
45313
75625
72036
31585
94336
94336
49448
43967
175250
137091
116184
192508
50878
42478
177955
262834
162084
1176
1176
198355
212909
110153
110981
95145
53739
83327
53444
57386
53951
137273
10028
42781
293082
106207
3608
183128
13807
39556
24056
24056
113397
60481
70449
59365
139456
259851
76109
6112
252803
110988
1364
180016
306688
139455
68772
68772
92983
243742
151699
136785
136785
162644
98094
12224
12224
12224
125259
112699
190814
183873
226919
109933
69502
4530
4530
46483
11990
158264
36561
36561
67370
120186
62856
5712
5712
5712
347786
48501
15741
65683
173083
64835
22928
59231
128111
173056
76729
76729
180466
246311
123219
216083
126469
16826
112982
290608
27623
62919
62919
268676
224950
52367
35143
340059
70939
284130
45310
68770
272490
309813
131755
38833
113298
113298
2507
50491
109779
98576
88668
202462
26320
102852
102852
276201
9262
66098
103275
37104
75480
31572
163839
581232
78107
274417
252532
12921
66816
90312
256240
97355
281992
167269
242502
17409
17409
96434
45221
149168
35986
157504
90727
449561
322286
191726
279926
283239
188914
233562
130598
94402
5024
5024
80292
53331
21046
53350
137908
117407
297200
13332
227163
91074
107982
12868
18060
143317
450588
170452
227974
240282
51839
252384
100777
112327
22449
43656
123147
18109
117286
268459
28877
91723
12802
34526
181915
220477
26247
44719
51343
51343
253107
347399
257836
9602
50685
22875
279060
64325
339843
36862
487584
86488
157891
69685
151313
307299
265972
9531
232964
215633
294708
79651
19204
31716
80055
54710
28112
60304
143766
54843
90659
53159
53159
53159
61403
1420
5533
5533
5250
71194
29009
19890
305261
110444
13963
19064
6489
81996
5983
115167
674
61809
60777
60777
53409
113601
55675
361579
56399
24780
67076
67076
34736
35152
226464
208238
145672
140909
301458
19653
19653
19653
9254
133859
52972
87560
96373
231274
32255
43831
216415
353699
172444
293864
22995
274809
8745
8745
16980
30312
15258
107271
119424
62592
57803
12061
3880
33204
94337
55901
53681
93854
268286
159894
143486
34632
38295
185406
120138
76921
158393
56894
56894
117784
61213
131786
29175
15894
67848
167603
184552
255234
35273
40352
19180
126224
78331
14422
14422
14422
13738
99050
220904
73663
78799
237882
36043
97104
52326
101338
1446
66134
222992
21379
21379
147754
63690
18302
82142
29414
283955
10837
9890
10137
63498
63498
149758
12378
251563
76666
24164
76295
153088
288430
59178
8635
184379
11323
74684
90936
240264
108626
166810
383709
41543
12281
11031
11031
75547
235081
313269
241604
171363
132606
63270
25325
99156
24179
80203
271603
202464
223217
61436
87596
509958
6245
14385
17454
37903
42132
108521
21712
21712
45021
200210
52715
75515
186629
231726
39363
31761
45103
89945
81491
124047
205465
69385
129881
1347
57217
21886
107975
29654
60827
60827
80035
81423
49209
1776
138052
138052
55409
202334
81139
81139
13106
184119
215874
125456
34491
56871
240154
53445
83320
137020
73164
26264
167901
53584
201961
45217
73808
62356
645
645
29800
93986
426827
150621
192318
2491
99309
55917
70108
24756
48756
329646
71547
58699
127737
205887
76590
84070
48304
4204
132
41196
43924
20651
146508
82652
273117
59640
86174
9341
103043
191818
94747
30245
83980
167387
26955
26955
70137
105198
177982
233193
28756
103601
12486
12486
33511
42114
202946
97295
102530
171731
89712
41803
203277
250931
112708
94285
220449
39197
26220
48432
87652
157003
178319
456100
229679
444964
301437
35785
17576
17576
11324
58372
24147
39120
63355
2245
44141
112906
104300
176956
172
21041
107756
165536
21084
229144
91836
235583
99096
70450
108575
36635
93011
109912
17997
118667
289030
137182
99378
259423
101282
128479
72346
75422
45990
3588
21133
98792
34054
90489
160171
185452
25112
55640
161629
392106
31793
109736
26792
68982
22690
134054
43929
13304
259320
108575
65350
109450
74127
74402
58273
48656
68400
35667
38290
98454
133167
309554
203304
43048
116517
586420
288350
26371
40193
115045
114186
49688
137724
137724
10399
61425
61425
35539
1722
36318
36318
40286
4942
20030
251809
385474
26918
131758
177412
246892
128955
23518
102742
58426
30378
201714
395419
22098
28729
27648
200437
9031
84060
196883
282034
115670
54209
19242
203978
329458
139201
328388
35447
42838
34552
34552
141308
175661
121912
127910
69929
75232
167500
13489
41045
53317
32292
61344
3032
145481
127066
60826
91274
45950
265020
175777
136275
343891
29891
43009
202986
87846
5526
92487
177091
256615
114478
48738
65426
231839
117064
119132
198664
204433
34690
82266
14005
109768
87881
63232
89352
240435
98524
62725
62725
81084
137028
98013
98013
70888
12056
119217
29648
136336
279750
81010
24662
120169
252940
26284
26284
332014
74358
199122
42190
105191
73995
89630
212153
43916
156209
111116
436065
130022
62452
86040
14500
197380
43699
91427
132396
106610
12545
40816
182541
300288
23347
75878
52911
103147
25017
5608
5608
208066
234992
112423
213117
83648
101503
158779
345777
216747
9547
9547
44277
22363
74550
148764
132819
78995
162070
152499
18923
18923
18923
183554
70851
297316
53240
163385
94092
48767
1678
76722
60558
91534
100918
64615
14703
76051
32013
32013
170563
77537
190652
92530
137095
40402
40402
160331
22293
1382
84522
104403
150622
73683
9702
254167
29127
29127
131607
11155
67806
11734
11734
84366
38450
16445
214391
216590
79426
222002
29038
185815
21238
522583
79593
79593
32937
32937
26537
60048
160920
69588
31172
79948
271174
94159
21798
23998
85563
186052
170531
66635
6610
53266
43246
10115
10115
50330
49374
29007
142376
40000
88553
148625
80058
1245
56545
115690
97754
111190
22435
117120
15745
69106
114475
115407
25479
32574
533
78234
78234
38149
124729
33195
89236
71547
122354
9415
33378
89581
18660
416
416
69619
312289
20570
149522
149522
111106
39685
121342
16403
83583
19837
19837
97692
148502
59101
89268
52861
20820
139180
229396
282544
44939
251431
93075
14635
96506
493
65009
62663
54301
29181
232863
155221
1780
218193
117724
52561
189503
476230
58918
58918
58898
123357
129286
28453
79609
88975
6031
101791
101791
57691
78656
31828
63320
80409
104328
367223
175746
166479
23165
22867
22867
22867
12113
12113
78744
94312
160249
71116
156726
56012
80132
133312
106113
237055
42270
2674
97815
420158
7042
26363
77294
42085
42085
219056
3308
586145
129574
119890
65134
24412
130569
142960
219247
82382
52538
52538
182573
16109
171182
44046
44046
1709
79832
79832
83485
29434
29434
100166
63598
59142
14198
156122
73082
139088
308688
68104
51404
36390
86492
151564
151564
24991
148052
147740
14333
44094
86881
261215
66212
70994
73370
8470
131406
81599
14674
137426
31034
74454
257478
303344
5551
52833
356044
119437
74067
107565
182200
65169
62441
336117
105879
68362
51658
51658
34031
26485
18374
48695
147551
16812
53944
174861
23328
53096
62497
28384
28384
48265
11760
95836
132460
85804
96617
139579
1797
1797
119632
41024
100352
58736
30687
32314
38913
62467
73172
93054
68951
68951
31505
72209
164752
136632
128689
525
27365
379510
31902
17937
137105
150890
79505
48880
218214
83275
96693
52109
47372
16396
62943
89187
41226
18386
82738
28818
19143
47922
174658
179829
76925
65941
221539
67742
105827
73284
108500
208989
226155
53296
1857
18577
353
353
85918
42148
42148
36209
35004
171493
78289
94418
51241
105997
154722
344156
26557
148693
76441
77498
14497
83303
36713
68514
106930
9090
99806
44907
44907
63847
38711
192030
55938
55938
177739
107161
65066
65066
91970
38609
18035
98242
19011
74697
176530
12505
31488
9302
23226
30186
84475
77702
204246
75712
690
63190
169107
91669
91669
102852
18306
44347
12277
129131
20729
20729
62754
16378
154306
441391
60223
13134
13134
57655
54807
54807
48283
82525
184676
4245
238896
22225
106605
72088
191132
230151
230151
8212
8212
83837
47819
47819
35612
43049
57786
12258
12258
124608
183515
64460
37516
58330
11142
11142
61767
23958
102494
39635
38648
623
15092
276020
42519
220282
66117
13884
33497
13255
25049
178662
169
124485
870
870
77530
77530
31802
21222
100562
99984
12912
151398
128313
108627
44222
236177
151266
144955
30503
2621
14431
114341
30756
30756
91928
31289
36425
140960
195765
73915
173624
40020
105276
31610
94616
24336
24336
6380
327349
17354
250282
156403
105457
201936
9653
172211
85187
85187
104946
120699
2502
293139
213619
35270
59594
110975
23496
48320
111824
51799
10543
84804
93091
22470
23326
84053
8977
37877
69526
69526
239923
122239
46142
161704
1323
30718
44358
586
274115
2674
2674
2674
48899
186415
129288
228861
50535
90727
4878
282704
213404
89423
44760
125061
320760
17785
57325
33276
48739
48739
124053
36728
87881
1095
103099
73374
86369
173915
28135
54967
323839
11017
11017
11017
37226
189425
157836
24283
74908
39336
39336
62708
76421
350858
11514
23830
33882
14313
143526
202699
87499
5366
120998
94031
137276
203676
34869
52825
100786
244506
33960
106860
36661
62483
26739
105953
24939
738
11343
90867
136204
59900
10614
27323
47195
11605
197004
157516
174038
88944
96066
74935
252670
9631
9631
35313
64266
143037
38844
135045
104467
107256
16052
1637
1637
11376
11376
18162
18162
84786
53760
124324
220865
12929
12929
42977
86922
5872
35168
69128
279101
126005
154060
30859
106696
94323
200846
6365
6365
73637
29404
1848
81372
88644
146377
40282
1562
128403
142032
145353
165333
95667
186877
16149
210969
311818
151242
93376
12142
77106
60042
126902
25030
8910
31826
133354
48760
167785
44565
180392
296421
184532
99732
28420
106832
285073
6118
22782
57874
44962
12481
66305
72824
6700
94894
270062
218478
165937
165937
127630
38050
400370
118411
117087
43061
43061
300838
13802
56954
38922
506
506
22978
190259
6823
12498
8527
80033
13383
11266
120206
100885
54008
113254
166615
88939
67086
196083
104023
55299
83778
624
75700
10149
124396
317552
151971
46138
1194
18883
18883
85216
73250
205843
28363
128616
92512
25645
107231
42074
103438
141772
164624
31393
191124
49665
21441
21441
21441
74659
17757
115726
26834
4142
39539
31217
47983
45953
270527
60682
1122
177147
58078
28598
8831
109955
109955
84716
56076
167340
66085
21038
97991
149676
8302
67838
55427
55427
7466
7466
12939
185241
31666
28885
32367
150817
3685
3685
97055
16905
88729
67296
67296
16008
28413
28413
29115
228990
84518
32446
53766
187059
83149
18052
273881
240825
133434
133434
58154
3865
38932
62273
119219
169202
44673
109860
66676
126212
38624
101480
142154
154871
28409
10007
103643
121912
97000
172036
29035
29035
57990
70271
70354
115614
113259
306743
20664
34040
154824
36564
380544
95684
65788
13173
49873
170848
68089
12266
43242
359938
35071
33369
97853
138702
75667
56102
19311
19311
1374
112909
117852
79827
61871
6670
76274
163186
5602
49702
76323
14196
48792
52332
192001
73575
75421
75002
3366
87703
86638
241870
230106
249410
123911
291854
51663
2161
336775
2709
2709
2709
2709
2709
185667
157614
65101
156269
63853
78276
141277
299146
117298
22434
22434
43531
8093
7316
23309
72844
75107
84553
46528
138369
71495
21461
85384
109397
277383
55335
24189
218073
209615
130425
84231
78477
155761
222386
99886
4150
4150
20015
20015
118962
68792
152160
138923
139615
7641
7641
33966
162405
14645
14645
78149
177494
15206
15206
77210
68530
74223
146047
171907
260132
87057
27919
370377
328403
45193
26514
95510
126135
6361
63373
230036
48491
60854
60854
147267
35432
25148
25148
12763
67893
52
143141
40199
61389
119181
5290
237167
44794
181513
15056
8048
14753
64916
83131
196818
24082
141271
144223
39755
15065
36254
89823
43402
28127
28127
28127
50575
52608
1216
106616
93488
91677
91677
24888
113692
51676
64359
317248
17354
22775
55625
137287
5270
82139
118581
122958
74997
111627
1427
223249
22452
22452
12892
20232
233584
162933
124637
83472
181667
34998
144043
88388
113352
48471
123754
177279
160198
68377
134875
69068
88389
88389
11939
41422
95179
95179
66677
207956
192287
176162
110219
57758
65898
27098
163687
43294
7950
7950
4790
4790
4790
114351
337969
50290
103374
9246
25723
66127
17682
26989
31575
88031
25746
25746
25746
230097
14801
328
29612
1416
1416
1416
145321
2478
132427
26432
194468
127477
167444
101255
42348
42348
67812
53989
74401
29638
47578
72518
70793
130793
84239
84239
7899
46092
131196
237975
67554
98095
16457
272400
142656
74149
74149
174053
63829
3804
35176
36648
21523
12517
12517
37481
40919
40306
260982
16937
121049
126177
28208
108519
69871
117832
117832
38984
220556
32453
13684
201281
103170
77655
52562
266931
2481
78106
822
822
124718
83147
83147
141222
24261
143689
73993
27131
64077
64077
58037
140879
82849
69264
120832
31104
31104
111780
17764
171614
8911
26335
56609
2785
2785
67301
1252
752
48876
48876
26521
73968
56796
231925
37456
68200
18236
109425
311776
73521
157401
84958
84958
9278
55503
79170
44268
42757
152318
86918
231551
83863
22527
63736
8804
8804
89595
123800
23311
186379
201750
171508
230836
26113
220047
46991
106527
156354
43809
43809
75249
13425
13425
13425
13425
13425
13425
148349
158
58462
12938
116950
7902
205739
63789
5907
5907
5907
5907
5907
5907
11782
26634
90191
120816
298728
348063
76466
24983
119239
83705
122121
23040
23040
109918
86714
171951
168546
108829
1816
94975
69233
78388
23632
23632
23632
23632
44236
11083
11083
190056
29012
6314
6314
6314
117510
74446
72238
125559
10647
37141
57888
57888
73881
33703
24342
24342
21883
103108
206211
48205
19528
26605
215779
79547
105011
21319
61865
141389
70640
70640
12108
244406
200110
62140
74659
74659
172350
35325
48775
48775
5094
72694
48045
129516
85967
33863
105080
34410
230579
20823
23370
44721
77580
213860
142571
12831
35130
122583
96441
9413
9413
92321
11384
77135
77135
118600
68920
44271
47473
121992
15991
15991
16050
16050
219162
832
19376
19376
131239
122226
408501
146553
48797
111079
232553
37645
37645
38576
124896
203296
17989
121116
146173
11484
17416
43073
106786
351955
116051
19223
110149
36200
122636
63125
75985
22161
54542
37874
37874
9215
9215
9215
9215
106559
96096
16800
27272
79521
103353
103353
21551
21551
21551
139350
370541
73062
118673
110944
189361
2664
167856
41894
391
93245
99116
356185
195347
154383
93183
28618
19343
19343
127573
32744
76824
133978
187339
115727
92720
216212
88340
1169
54530
124098
1175
26774
80598
189126
99266
160830
161310
7085
7085
79985
120410
162234
218818
65731
12085
65199
1882
126282
177562
336350
40198
187672
72532
82628
71316
11019
130044
214725
69043
69043
105907
25251
125012
63508
143747
9917
68481
18564
18564
18564
63085
19246
19246
58710
88230
73374
47399
88557
70825
85200
49197
157315
109479
32986
90946
43857
85743
229534
161578
142023
60652
3864
124928
90913
19967
153675
8463
216862
41456
87033
193236
127774
298695
183981
136116
18054
120155
120155
27025
27025
27025
111277
71483
79142
168173
18451
18451
48727
11863
11863
49888
91488
50737
12321
12321
90279
139816
39932
48872
90897
30964
79260
169665
33142
33142
71290
58310
67715
179271
134695
67777
42447
11842
11842
39431
5575
202379
26818
26818
26818
4562
51218
97979
97979
31058
48386
67110
70417
10881
94981
70129
54480
76589
143372
78564
56059
40830
13545
21578
43610
22585
99470
140219
48826
113939
156173
156173
63788
11347
164214
125815
23825
5381
19052
25212
25212
67204
64565
38476
20713
50800
23138
23138
30223
30223
13877
54478
35676
35676
157477
62851
188194
79099
130821
363373
96132
129256
23584
23584
23584
23584
196705
214900
129601
86038
19603
79622
161662
38147
3526
3526
3526
3526
3526
115082
48335
48335
48335
109835
4245
20404
124212
14487
42157
11204
103453
109276
324644
28192
111010
74914
32963
45437
25852
14540
6013
321857
99281
110147
47483
47483
28398
97802
97802
79610
85890
29
54241
24799
339
161230
159687
33739
65486
5855
39089
39089
64210
64450
61327
70936
154573
4788
4788
13981
11300
40540
93600
88460
129524
129524
129524
113609
33807
171356
42527
216558
22866
22866
119963
125062
60035
7619
64274
94899
201435
219371
32299
9974
25370
9974
104207
133092
47243
308139
188932
146309
71780
45580
32820
11855
30624
64488
214381
33919
194394
3712
3712
59289
28958
42331
145485
58460
47183
104158
217618
65366
170422
3141
103788
56699
101643
33827
3342
28623
28623
399
88608
39694
39694
5554
59667
99168
136225
98970
74855
55397
149821
74855
87529
82121
53537
53537
18568
45863
18653
48428
35783
35783
90516
67263
135084
14556
184500
103844
84630
56096
36977
97002
52350
65563
54042
196553
239733
31797
31797
31797
79406
35734
117930
26001
79382
56581
10848
110148
96576
115884
84255
132536
59854
26582
73907
194052
5696
80633
130048
58687
96685
179691
219464
46408
40372
34704
53473
17345
17345
11526
124589
33693
33693
123094
79734
79734
49105
42868
16668
10132
55076
26176
26176
10047
46301
39548
70676
47875
47875
68091
87803
4859
109542
49595
105984
122590
140546
19474
19474
19474
19474
67435
26201
26201
73537
73537
2376
2376
32593
98313
6260
14923
37450
63674
54563
75037
39
34635
34635
133152
60370
35089
12000
65361
19010
188905
44162
49698
39654
233875
71965
71965
114659
211150
76654
106538
32798
152173
14291
14291
33530
129915
192613
31663
9953
54897
113617
19608
19608
37797
36869
76990
41566
41566
41566
41566
33961
132539
121719
56490
59992
91713
32229
4496
76320
46881
30306
199947
88161
9761
9761
34603
34603
57469
174184
18948
33852
44621
229770
16326
16326
261310
117542
155319
104861
1100
1100
1100
1100
1100
128943
14361
204734
27149
12830
31270
122278
80287
125231
121286
38118
111075
60762
94618
158055
45850
41542
108623
2266
122914
23689
113894
113894
187257
15032
15032
15032
15032
30621
59045
59045
12160
94769
49094
73214
93663
57653
32372
20069
147605
160094
38375
50481
229042
25635
25635
48420
39145
19824
22201
56199
442843
177558
21533
49698
49698
133028
19072
34244
145601
177023
22062
20787
126274
95998
313
37328
12417
63208
38932
69208
41891
21613
76324
57003
45888
123117
1495
44730
59599
114731
113902
83011
63509
137032
27169
57445
31064
31064
6415
93630
25395
25395
6074
30790
103074
44112
25584
44905
197610
181018
20883
47860
130313
112736
37302
37302
183651
136319
63419
63419
345780
90527
130753
109594
15877
75097
75097
32487
32487
58313
73456
94644
145536
199825
94640
34775
34775
72844
72844
72844
72844
79420
114016
27360
88958
36642
36642
156358
85654
72550
159647
5983
41978
29658
29658
5061
5061
117439
89743
17861
31423
31423
31423
191345
11940
11940
11940
72741
19380
58436
10475
10475
10475
107754
47729
62495
32369
83794
83794
83794
14059
11944
18649
1232
52129
103896
51921
51921
2135
2135
62160
127936
78468
15877
55395
98244
1701
1701
1701
33012
72162
873
312237
88843
35618
79718
49177
67787
63189
689
689
104936
104936
255470
182462
205801
37785
21780
280835
4384
39716
12268
28064
111812
113427
6498
6498
113685
11090
14191
2718
2718
21931
54569
43034
5009
48690
48690
63819
37567
83792
15839
188064
129578
10433
38657
38657
162349
256478
84242
84242
98942
53207
53207
135149
248717
208259
80095
14522
14522
44354
44354
44354
10866
65540
65540
144919
90804
8421
8421
8421
26923
26923
67941
81520
76240
125408
76737
12728
119657
46807
89656
140993
47912
47912
130428
312439
34657
82618
60902
44723
69399
25299
109798
236258
92299
92299
172955
38087
37580
124709
221018
66278
43946
67442
31205
31205
139073
43133
42850
18201
18201
18201
777
69585
55087
55087
27273
27273
43402
67487
42737
19773
19773
143059
33939
197878
60632
60632
60632
128306
3968
181287
53513
42289
15964
13633
13633
57733
187292
245352
141039
69215
25528
145576
145576
55128
6391
6391
127954
3345
168144
50880
50880
113956
22787
1427
103876
40372
159437
7027
93366
93366
141284
83392
32000
2596
2596
30625
137483
66556
101900
101900
45117
45117
47475
47475
93150
53430
41434
41434
45542
98983
39000
16199
78699
8031
21369
47613
42894
204581
55585
8929
8929
53940
35171
29345
2696
2696
126904
209497
6414
339
339
339
91797
16977
2977
144515
150210
136723
181244
181629
48823
5146
101783
12573
36885
83888
36037
88021
23535
49365
49365
61868
26899
102268
45643
21438
2322
76350
26495
19730
4601
9323
54181
6137
6137
138202
5893
5893
5893
5893
120982
124043
74873
149803
166493
166493
17548
17548
146287
61158
181995
50855
50855
46658
123754
166603
8016
137609
45193
141431
96137
195792
13100
23420
23420
44344
56780
83000
97521
8717
8717
131159
27140
10885
10885
4244
167152
33927
58760
76449
3839
3839
68468
68468
101592
16017
49952
49952
81760
21735
145113
171856
98046
76146
47758
48776
50
46709
10598
10598
153664
105952
4272
39828
70804
5350
158675
102875
28226
28226
105616
29167
17922
17922
107323
130124
40349
48098
48098
94323
16568
35416
80360
40744
54668
45821
10477
10477
10477
74993
22026
95426
4186
119038
66840
173001
18843
41673
23934
23934
99970
66491
180518
155886
2180
13949
46563
35615
35615
60485
162869
12705
232566
36999
36999
10090
95535
88139
52435
52435
83104
69180
70696
70696
27827
190238
26213
100174
37909
145275
3410
89904
47770
12426
124266
177135
115091
4867
4867
4867
15014
191378
87786
35866
17679
17679
45235
157803
38986
25530
237894
96815
95159
169465
15406
723
723
49952
49952
49952
49952
118169
109280
98116
68384
54625
11544
128227
40360
123304
45759
99583
17381
81844
95119
6941
6941
62861
89446
128643
68618
68618
20481
600
71224
96188
105413
143726
232741
222049
25711
86227
86227
124445
124445
82829
21884
42333
1767
77885
94052
105261
34181
34181
14238
14238
53087
149898
99527
130755
19502
50478
18564
18564
23037
76773
16748
16748
16748
22017
5888
2576
2576
2576
39440
74784
20080
55049
23351
61767
61767
28378
9609
93432
93432
71548
71548
32297
95168
18461
18461
18461
4340
38936
9025
80314
163015
217645
35293
4032
4032
42448
61880
22220
49149
38277
8812
54101
88572
88572
9048
9048
9048
178702
5551
5551
69055
69055
1806
35181
17956
216782
144497
22225
24864
53536
3840
3840
3840
40851
24339
23044
49507
33437
107011
107011
140867
40378
86298
86298
94304
33096
4872
48842
13770
87957
87957
53784
8840
96760
24376
24376
39605
39605
39605
39605
69257
88032
193929
51096
10408
35681
139839
118290
7483
7483
14107
42331
42331
23851
23851
124374
143889
95292
135
135
135
135
33007
16878
16878
47638
172019
9610
2709
37678
50531
84158
65555
105571
93548
1396
42285
107395
118043
3758
6273
66088
69094
51677
26388
25899
36601
24960
24960
29329
9448
30235
64460
40069
54291
84838
19778
72219
72219
56273
83937
160250
24303
44184
760
760
7688
7688
85710
22206
52831
35973
117691
117691
16132
67955
16015
16015
57175
74594
23375
103190
53679
65744
122805
105116
21686
53727
42061
6755
6755
77064
34215
132963
123392
13168
141667
9531
131332
131332
48576
10160
46004
46004
6193
164389
409
409
409
409
409
100080
99476
44536
64985
5449
5449
94324
94324
13917
13917
47041
191103
77454
129438
40967
15290
32714
20514
20514
20514
20514
10790
10790
16766
44990
18027
52623
108801
33961
149000
65369
20425
5819
5819
46165
20224
54727
34077
519
519
519
46570
24719
39848
1823
19513
38503
26013
10851
90940
90112
31649
31649
70756
55290
81210
27849
57149
14675
43840
9521
47937
63677
63677
49753
16629
10927
10927
104786
34763
34763
65726
65726
58178
58178
58178
37540
120248
21872
21872
93696
3176
41720
33356
94365
46996
46996
44638
70295
91052
61969
54896
14781
55975
24681
24681
22217
80743
21678
56722
108697
4222
4222
8890
225517
35774
53030
53030
41834
93818
153682
29502
51010
67810
88259
131119
70322
100922
28678
23306
23306
49165
57640
32961
26108
26108
227512
6512
62551
55785
116440
15048
48904
69929
69929
123753
177677
41492
13268
13268
91668
91516
141240
49380
49380
120569
72904
48897
5216
5216
5216
5216
40560
40560
65295
1417
28859
80239
80239
28301
34519
29997
10164
68728
68728
68728
96584
28177
30322
65666
65666
58204
21496
9129
29010
29010
7985
124168
40858
58367
58367
116895
22781
61319
310
310
310
20759
27196
27196
27196
154421
54726
25748
11035
51465
22421
43446
43446
16579
69442
103614
162539
215450
82618
83031
82764
82764
12580
12580
31101
125
18894
101735
5194
30171
92581
179317
70705
98881
48004
93592
24584
24584
1379
8604
5543
42418
32658
32658
19183
34641
31923
58678
24082
24082
24082
24082
58678
11589
11589
30027
30027
19257
19626
95431
32430
1795
59136
14811
244366
102464
45957
58372
75389
52424
23519
23519
43400
66824
83848
57609
66295
45846
3438
19849
42789
12925
38331
24123
84813
38588
38588
20632
20632
4503
4503
60126
57523
57523
83102
44393
53576
125514
87098
23518
23518
23518
56006
2053
150047
156783
70294
21010
561
561
561
41265
37175
69754
34882
81294
89065
134009
111979
5670
5670
5670
26371
8944
8944
8944
45808
45808
63497
63497
59290
1226
1226
32999
32999
8350
136660
1405
1405
50579
61623
82336
10041
10041
32842
32842
3942
59739
101887
72073
3552
3552
3552
3552
72521
37703
24683
77223
43931
72746
35255
31329
31329
31329
21690
21690
23662
6274
158959
103083
12517
48982
198989
122759
12466
35495
70451
53094
85603
85603
30460
77549
77549
78476
125132
63022
48113
63329
9040
119264
40219
4875
4875
4875
6251
37849
15975
33399
33399
15493
15493
3359
3359
87480
97420
34845
19444
19444
60635
60635
60635
61311
87555
112104
303059
79494
106766
56450
26438
8158
8158
8158
55247
55247
69226
3125
3125
3125
3125
10513
24832
67681
29656
38209
39075
32749
14107
14107
44457
141225
73137
12712
123127
34482
34482
51906
28750
28750
30222
30222
30222
62194
74516
74516
91948
3144
32520
32520
4677
11223
98153
102840
53185
26904
58945
95939
118430
38645
38645
198725
18431
18431
54469
69454
55674
25398
28891
28891
52243
13827
19950
95650
70575
3494
3494
37350
14207
14207
14207
97124
95813
61773
23773
71734
68142
59103
103203
92342
130534
35636
30613
65582
95822
26196
26196
95209
39530
39530
13831
60234
26378
61186
79142
48866
21310
21310
21310
23211
89334
113349
4632
9039
10282
45251
14941
49537
20257
24687
10282
66982
36357
33564
30445
2679
2679
45282
79921
12675
12675
23957
10268
10268
10268
9613
33670
32379
99045
10241
79160
35060
17016
17016
136140
30915
30915
55665
120928
44617
23162
40847
105363
116366
102442
83267
83267
24656
35369
35369
35369
35369
15625
504
504
76060
76060
37083
43573
160902
59034
59034
26815
8529
40755
25986
25986
25986
10857
10857
156754
50952
28876
28876
63472
63472
9969
9969
9969
13559
45005
93900
123060
48208
10183
26671
162089
2747
2747
2747
2747
31478
16483
38273
123969
95055
157555
53143
29801
90810
74039
20825
47069
41864
25217
81712
153883
2572
35297
94303
44801
44801
120170
46294
72731
28210
28210
40295
40295
67946
24589
24589
125894
2469
2469
21790
21790
21790
21790
21790
4058
108575
108575
108575
334
63433
75696
19820
19820
26552
26552
81032
91193
2389
36245
112384
138687
138687
51359
51359
17134
37015
37015
37015
37015
60954
27850
27850
27850
27850
25511
22425
51124
37680
37680
89929
23106
77383
77383
4361
9686
145548
9052
9052
8132
8132
7997
58127
57998
47627
47627
13760
21209
21209
38898
68877
9341
93172
65683
134348
134348
170025
50875
1397
1397
31673
115016
68168
97068
78949
11107
14371
14371
14371
10278
9043
94892
29735
29735
25021
25021
6805
6805
6805
6805
6805
38139
84574
148495
6673
6673
22227
30214
33795
158471
12231
52034
217308
42561
42561
42561
19760
37184
111359
27379
81197
135959
42323
37201
37201
39596
140085
82296
189
189
27367
35666
26568
2332
15357
15357
67739
118966
58941
29863
8162
8162
8162
8162
8162
8162
8162
63127
3102
3102
3102
3102
3102
3102
30658
22703
11153
32178
61478
73211
89339
18092
41444
41444
18581
18581
16763
16763
16763
10491
10491
21845
17731
67100
50550
32394
62470
17818
2063
20434
81443
81443
60418
76291
29665
29665
61706
35543
5666
5666
5666
5666
104558
28758
3477
3477
35380
47177
47177
49929
65671
118198
19434
19434
19434
19434
18019
17325
17325
17325
54655
34780
34780
63189
37300
37300
127901
86468
15284
44777
83193
39512
55641
32062
32062
36535
36535
8311
8311
8311
8311
19964
77588
32644
51965
133254
5765
67135
10491
62932
62932
25277
42966
42966
9110
9110
9110
9110
26745
26745
46155
46155
37526
33589
163403
115335
79396
66950
6925
6925
6925
119880
87145
87145
195649
204812
159168
70632
17577
35784
35784
440
440
440
440
75288
18348
7896
49105
24456
96850
55234
28990
28990
28990
29574
82531
26884
18428
18428
66389
24091
65707
159836
208159
9243
9243
9243
7023
76719
76719
11238
102237
83524
53457
32979
21777
18633
18633
18633
18633
18633
84682
82599
82599
21759
48314
68763
18899
55416
55416
149041
58259
121201
56685
56685
38272
40128
39961
9323
28644
44773
73884
73884
55115
196673
44807
16202
13798
13798
33119
128101
47445
91966
91966
9271
53229
74557
57130
57130
42095
50474
17126
17126
34815
34815
19941
19941
19941
33865
33865
14971
1158
33770
83879
27677
99501
37001
42523
30410
47
30585
42952
72648
25228
25228
5748
64828
25773
9644
20981
20981
20981
80517
65634
154607
92052
36557
16804
16804
16804
5092
21152
6280
6280
6280
38664
36961
36961
67586
30722
16798
16798
16798
3083
62051
43574
125554
125554
17313
45187
25601
47840
2720
88772
36551
89912
32212
15749
10322
33778
18206
18206
20871
51490
176338
12018
28147
34207
53528
53528
25996
25996
52781
18556
157669
25219
17630
17630
44870
132673
1573
1573
50868
80644
46023
23385
51609
9828
9828
4137
4137
37888
528
50847
39754
95578
95578
19418
19418
1031
33194
16090
16090
28854
28854
44046
38271
38271
38271
38271
5410
5410
5410
5410
134466
48394
152663
563
563
563
563
563
53869
29436
34764
42661
42661
42661
65237
8865
25731
4545
45052
45052
73007
27554
48685
3741
120802
5223
94002
28288
42785
36739
40710
40710
38314
105689
43316
120425
98599
228199
99292
18699
18699
68774
68774
60241
33676
33676
33676
17212
17212
17673
17673
17673
7608
6316
35300
113700
174026
41451
92213
56869
56869
99004
173181
4853
26971
57596
12100
17963
30207
93208
25128
21961
20888
20189
20189
20189
5092
5092
5092
30252
10893
10893
10893
10893
81347
1124
1124
1124
1124
55929
2568
2568
74716
97517
111604
30604
10605
48
53409
53409
53409
53409
79087
48739
48739
30785
30785
30785
43833
139335
44187
44187
73462
20101
20101
180309
176100
41146
64479
108654
13015
13015
13015
13015
13015
13015
13015
43640
41141
41141
112523
157467
91418
20758
116092
117375
45586
98793
14948
19276
605
605
605
203896
15318
15318
15318
58999
50191
80130
38058
174543
23754
23754
23754
20767
12357
12357
12357
41004
6957
60781
34083
34083
34083
60872
78885
48260
81415
39993
64642
23590
33054
22079
22865
68716
53603
53603
21054
21054
79618
79618
77461
3195
3195
3195
18324
18324
63636
31228
31228
13272
72353
847
847
847
847
847
847
46242
29107
1869
1869
1869
21750
26725
52006
57759
12266
95459
53718
53718
2539
18668
36357
36357
28217
6672
57844
22783
50339
18648
2519
2519
2519
2519
2519
2519
36744
21820
8805
8805
79906
46546
75255
7975
107200
54616
33413
20584
33240
33240
57361
18721
43779
23148
12196
53025
56536
21864
21864
21864
21864
21864
44185
44185
44254
27570
62914
9553
78656
59335
59335
78656
23900
23900
23900
4000
30596
29429
29429
29429
161925
160772
28669
9348
9348
9348
34333
66791
53591
53591
53591
65612
161369
112793
95104
76335
21579
23365
110915
5460
5460
5460
33016
27616
42745
40377
50224
8282
25943
22435
22435
22435
30926
53174
53174
118034
48430
74070
17206
25859
67884
64335
8565
54805
17019
17019
17019
47497
47497
71528
69804
81606
81606
99295
45866
359
359
27694
27694
13922
30051
30051
135676
30788
32716
12835
68907
15546
14730
14730
14730
29859
36047
79905
84860
6460
6460
6460
24293
73577
63820
28095
70944
172779
26289
20800
62897
62897
62897
33084
5332
12059
18917
17673
44152
111752
25316
5435
69260
69260
81753
81753
81753
123456
66912
124513
1312
1312
56507
56507
64597
98453
3589
3589
3589
59915
59915
7474
7474
7474
8655
22438
22438
22438
93727
6967
6967
26288
26288
26288
26288
26288
43408
18759
23266
23266
147137
119751
52148
91078
28503
28503
28503
28503
44179
57507
57507
36427
36427
14611
27725
27725
27725
27725
16375
97414
555
18244
14325
76254
33822
13373
13373
13373
13373
13373
113212
88364
17841
17841
17841
3184
3184
3184
3184
45837
94788
51107
3657
3657
3657
3657
21081
64667
25759
25759
25759
25759
62490
62490
62490
67110
86554
94689
94689
94689
16873
16873
30797
30797
74057
14032
14032
46396
98837
2838
2838
56199
126340
165916
80067
80067
40157
42787
17506
17506
450
55995
71265
71265
28416
51217
57024
107649
22672
22672
22672
22672
26612
26612
368
368
368
368
368
368
368
368
168800
114613
114613
114613
66652
7999
61250
65015
22010
72635
30406
76523
76523
3314
3314
3314
3314
140099
31342
31342
103812
14633
66023
109607
55783
55783
6151
31874
31874
31874
69674
34705
34705
22940
52685
8461
29564
25993
145769
34680
11116
3241
3241
75933
77629
42660
24455
24455
24455
42144
108400
108400
33324
15960
20200
20200
20200
20200
20200
14396
64721
10897
39121
68463
85201
68325
58196
91444
29919
129619
42606
42606
12330
12330
21274
132163
13583
417
17841
17841
2712
488
488
488
488
133127
73102
94377
116304
46036
46036
46036
58293
114090
41190
16695
36576
62368
87176
45320
45320
106824
3400
88081
67632
67632
63184
11892
11892
11892
11892
31773
31773
33891
33891
33891
57891
44759
10085
67896
67896
67896
111438
53226
53226
22399
25630
25630
21026
223180
54225
2241
2241
23040
23040
30784
102441
2613
35814
17547
44953
2136
2136
30360
4116
4116
52077
34388
61944
32920
2644
26256
26256
26256
88756
88756
34545
34545
52234
64608
16647
32776
32776
32776
1820
1820
46800
46800
46800
46800
100161
57448
26652
7331
7331
7331
7331
7331
32012
13784
16492
16492
45392
54023
20167
39488
24872
24872
6104
6104
40700
22804
102328
80304
64175
20075
20075
81968
7582
23711
10145
78560
153765
35213
51223
60100
105549
70782
7781
7781
7781
7781
7781
7781
7781
6143
11281
11281
11281
11281
18995
56984
340
30965
30965
47996
20444
20444
74268
26754
95698
95698
34039
34039
34039
34039
34039
88938
112969
18800
18800
18800
7504
26825
26825
63776
9124
57085
104135
104135
154946
116929
54429
39555
71969
71969
17061
17061
72660
72660
2964
25961
25961
25961
25961
1312
1312
1312
1312
1312
1312
34032
34032
49161
49161
63735
63735
9165
9165
9165
9165
9165
26179
45500
66056
19831
95787
95787
23757
23757
23757
23757
30067
56311
56311
56311
54263
26039
40225
40225
38175
5051
5051
5051
109856
99733
56912
46636
127292
133976
67217
42253
60788
42156
8469
24598
24598
44479
1746
1746
19170
19170
19170
19170
19170
53512
6024
24793
84105
176560
64921
26505
42634
81270
160270
7175
7175
7175
7175
43450
43450
12825
69082
83243
131772
34232
376
376
376
71665
11807
11807
62586
130758
130758
50615
81919
43017
35383
35383
39600
8975
52031
52031
64933
98283
7682
17282
37731
10230
10230
10230
10230
10230
10230
10230
31255
2408
2408
2408
1180
1180
1180
1180
1180
26461
98475
11749
36212
5404
5404
5404
5404
5404
5404
13917
4852
4852
4852
42237
42237
42237
22916
42237
43749
10651
10651
73449
5823
5823
5823
5823
19141
78921
62455
94353
77043
74890
39921
39921
66858
66858
17514
77539
30723
30723
23566
27059
65357
35276
19773
30852
65448
10177
9704
9704
288
288
956
25288
25288
25288
53512
74537
27333
27333
27333
26028
65887
9738
9738
9738
9738
50058
50058
44806
44806
32298
11427
36320
38756
86717
64692
45868
125528
71704
26760
50304
77708
97055
6943
36994
36994
36994
64550
39175
39175
39175
40349
99527
75814
75814
75814
32761
32761
58042
27417
7927
7927
7927
7927
39079
39079
39079
127358
2242
2242
2242
25982
25982
7681
85955
85955
39730
35538
28471
101371
119444
119444
36581
44075
44075
19934
197390
89906
59090
62086
62086
1994
52295
52295
22781
22781
39719
39719
53446
24954
21702
56698
62327
128642
84933
80180
34064
532
25496
25496
25496
22465
30896
30896
32105
32105
32105
77271
77271
84333
9257
9257
25339
4890
4890
4890
4890
29706
29706
4207
4207
4207
37818
37818
15543
15543
15543
15543
33499
20325
20325
40684
40684
40684
59805
5250
5250
5250
20379
498
72322
56193
83683
104673
42016
2252
2252
2252
10468
10468
6123
6123
6123
94251
94251
29735
39961
39961
39961
28986
15062
15062
15062
31191
14465
14465
58142
42338
23017
23017
23017
47739
24938
24938
73903
83706
83706
25935
7166
7166
7166
7166
48375
48375
56261
33266
109270
39726
79990
68803
68803
68803
77886
1547
1547
21254
21254
21254
21254
21254
141610
32279
32279
32279
85641
18382
40055
40055
40055
23926
23926
23926
23926
29898
43822
43822
35139
19803
38031
38031
94029
5225
5225
42736
42736
42736
11088
11088
8793
8793
8793
28114
13911
13911
13911
15368
31721
75821
75821
44429
44429
9833
9833
9833
12968
12968
12968
38243
57619
72748
72748
100288
80337
80337
91888
49488
22336
55460
45664
26944
84140
71261
25465
34071
34071
59035
19168
19168
19168
19168
97568
74657
74657
49391
102752
76232
2729
2729
2729
2729
31530
31530
31530
31530
31530
52650
52650
630
630
630
35226
35226
53578
40721
40721
40721
52915
8262
8262
8262
8262
8262
8262
8262
52783
19587
26638
26638
74486
1045
61070
61070
1596
1596
1596
29152
29152
29152
42672
52192
66833
78328
78328
78328
78328
1196
1196
1196
33029
5816
28780
29784
43116
43116
267
267
267
267
85238
7030
7030
153626
46054
33627
33627
33627
18814
38371
63796
35429
38012
3032
17417
101517
101517
20983
51917
51917
51917
51917
17337
619
33977
33977
10967
37058
10031
10031
10031
10031
10031
10031
10031
10031
43922
43922
29565
97605
41821
53043
4541
61185
45744
28943
28943
28943
28943
44498
104575
15141
15141
5884
5884
12885
88510
31866
28159
28159
79009
79009
74655
48403
48403
34541
34541
34541
34541
11740
3460
3460
86790
51038
51038
51038
82187
5382
5382
5382
5382
14171
12073
12073
5351
10778
107234
25401
7723
11342
26683
26683
8727
8727
70797
1027
1027
1027
21476
7552
25508
7819
12630
12630
12630
42126
42126
42126
42126
17119
17119
48234
28353
28353
28353
28353
15747
15747
15747
15747
29197
40197
103701
62436
15347
18133
19892
19892
19892
19892
41108
27724
68933
22020
39788
22364
43685
43685
6821
4973
4973
4973
22441
22441
22441
22441
45159
14849
14849
14849
55936
10628
10628
10628
10628
30988
64756
66532
77569
93698
93698
93698
3815
3815
71415
71415
27315
27315
56785
25465
25465
97736
67554
13622
13622
13622
13622
13622
13622
13622
13622
33034
2310
2310
2310
80710
84126
67974
67974
67974
95242
66342
19482
81007
14443
49566
27718
47358
33434
33434
53315
974
21827
36956
36956
36956
62269
82150
69950
92459
14059
36860
36860
8164
8164
8164
8164
11157
72869
9868
56957
90748
158348
124492
104430
74469
74469
5055
2910
2910
2910
2910
14838
14838
64371
98845
8981
77455
66867
119766
191819
45855
114896
14407
14407
14407
14407
14407
37719
37719
24781
24781
24781
24781
49969
92818
36168
36168
16671
49378
49378
28353
28353
4065
4065
4065
30840
45452
45452
28308
28308
28308
38424
58125
7294
17355
17355
17355
17355
17355
84870
24691
24691
7350
7350
87044
28173
28173
23061
58164
61552
31276
2441
2441
23466
23466
23466
10390
10390
10390
23835
29526
29526
29526
29526
33564
21349
21349
21349
4662
4662
25963
25963
25963
25963
60847
34603
34603
34603
1109
18212
70976
156553
121633
71008
71008
8516
23525
23525
63295
1791
1791
1791
1791
1791
1791
40240
40240
248
37682
46922
92207
7158
116030
83223
2352
2352
2352
2352
20308
20308
33053
29447
74391
40535
40535
40535
674
674
674
674
19995
674
674
674
674
674
62892
63182
60627
30351
46374
46374
1059
1059
78836
78836
44611
66278
50686
19710
10566
10566
20410
20410
31370
15543
15543
15543
15543
61317
61317
10811
10811
7145
7145
7145
26895
7701
36601
8748
8748
8748
24877
111313
4641
4641
4641
121806
48906
93223
79228
79228
21261
21261
21261
21261
21261
21261
123963
123963
21972
83580
9836
97748
46332
46332
46332
12476
10325
26454
2178
2178
2178
2178
37147
37147
37147
37147
37147
6534
6534
6534
6534
19710
27379
27379
9955
9955
18945
39970
43919
32678
16606
16606
1083
1083
1083
1083
1083
95947
82335
6580
6580
47244
64668
45951
42853
89078
28069
28069
28069
28069
34431
165
165
35509
35509
9265
13459
13459
13459
13459
13459
45105
45496
62088
67512
110361
79736
44168
44168
24847
24847
24847
34615
13590
13590
27514
1671
1671
1671
1671
1671
1671
1671
1671
1671
1671
1671
29895
29895
29895
29895
29895
29895
38035
38035
74899
74899
60667
3643
124521
124521
76924
107117
124806
36002
36002
22987
22987
22987
22987
20694
20694
20694
23827
8419
41543
41543
41543
10918
19302
19302
19302
1613
45294
49611
49611
67567
67122
67122
43102
82161
120186
28226
26063
15343
26273
26273
5190
5190
5190
50886
43978
43978
43978
44231
16778
35206
35206
30843
22518
30843
30843
30843
30843
30843
30843
18441
34920
34920
18441
45659
4043
4043
4043
4043
4043
18758
33226
33226
14735
14735
14735
14735
10546
26675
26675
26675
26675
21286
9339
9339
27590
6565
6565
6565
6565
6565
6565
6565
6565
20489
2312
2312
2312
2312
56601
129195
43030
43030
43030
43030
10838
10838
10838
10838
10838
18334
18334
48076
48076
48076
44197
44197
29559
37005
37005
37005
16356
60037
7596
7596
7596
7596
26917
26917
11869
32894
48023
48023
21930
21930
22926
2477
2477
2477
2477
30647
9337
6792
84647
11905
11905
11905
11905
23064
15352
29276
29276
29276
29276
63872
14528
14528
2896
2896
2896
2896
2896
2896
11028
11028
11028
27388
18837
53433
53433
24533
4652
4652
4652
48709
15091
15091
15091
15091
15091
1038
1038
1038
1038
47694
39331
54305
76016
45881
45881
45881
45881
7480
46344
46879
58490
19910
40935
40935
90834
42873
42873
42873
48515
110686
110686
41414
39242
39242
8266
8266
8266
64655
42929
42929
42929
24152
24152
1888
1888
1888
1888
1888
1888
1888
1888
1888
1888
1888
1888
1888
1888
23076
23076
23076
3195
3195
22516
22516
22005
22005
22005
22005
185564
47503
16878
14098
31559
42201
5221
5221
5221
5221
5221
5221
5221
5221
5221
5221
5221
5221
5221
5221
5221
17776
17776
34665
51184
51184
2242
62267
62267
72214
72214
51690
51690
5034
39066
650
650
650
650
650
650
650
41859
15615
15615
85509
85509
120478
6742
23883
5017
5017
23207
60027
60027
60027
20123
44772
29432
29432
29432
29432
1544
17673
17673
30288
72313
11304
16252
16252
16252
16252
16252
16252
16252
16252
21192
3768
3768
3768
31576
31576
15080
15080
15080
15080
45705
40731
1575
17704
59580
41624
41624
41624
22385
22385
22385
32947
8054
25478
25478
25478
57519
57519
60130
94648
94648
1012
1012
1012
1012
29613
53097
53097
19973
19973
19973
19973
19973
19973
1269
1269
1269
1269
1269
25263
25263
10134
53370
53370
9
9
9
9
89010
120310
12726
12726
7919
7919
18050
18050
17887
12389
12389
12389
28853
67269
39713
6943
6943
6943
6943
35843
13042
13042
13042
16114
49397
49397
74046
43070
43070
43070
33283
53459
35345
35345
35345
5069
5069
5069
5069
27749
27749
27749
10325
8589
8589
44772
251
251
251
251
251
251
251
251
56393
6107
46080
69264
69264
18945
16399
16399
16399
14226
14226
28623
28623
57813
57813
38460
38460
21036
38989
38989
38989
57758
57758
82118
42350
52514
57710
66899
94154
46786
5577
5577
5577
8347
8347
8347
8347
8347
8347
8347
51678
770
770
770
14402
14402
11842
11842
11842
31163
50062
68963
68963
11693
11693
31014
54735
20139
20139
20139
20139
20139
14830
14830
73379
20018
20018
20018
29266
29266
4617
4617
4617
4617
4617
4617
4617
4617
4617
4617
19634
19634
19634
57650
15250
15250
15250
15250
15250
15250
15250
15250
19057
19057
33384
33384
33384
36516
33180
33384
55731
9935
9935
9935
37154
54314
16289
16289
37072
26937
46504
5411
12013
12013
5411
5411
5411
5411
5411
5411
5411
5411
5411
5411
54453
54453
92236
37364
8564
8564
8564
8564
8564
8564
43908
43908
9453
9453
9453
9453
6676
6676
6676
6676
6676
6676
6676
6676
6676
9453
20197
39828
21181
38605
53357
22268
22268
22268
36159
54567
54567
54567
36034
36034
25470
19051
19051
19051
36222
37219
4973
4973
4973
34157
20599
20599
20599
20599
41048
41048
34267
87534
22690
22690
22690
38819
38819
17619
17619
31567
54368
54368
54368
54368
30708
42111
6767
6767
6767
6767
25536
44857
42168
128584
13384
13384
13384
13384
13384
30716
16552
16552
16552
21864
21864
63889
79752
79752
80248
80248
19623
19623
63723
23018
1946
1946
1946
1946
1946
1946
12242
12242
12242
12242
10559
10559
9890
9890
9890
9890
9890
23814
10782
24562
24562
59086
59086
33914
33914
33914
58
58
18711
4176
4176
4176
4176
47025
63540
6156
6156
6156
6156
6156
25371
25371
2185
2185
2185
32040
46360
46360
36584
36584
24920
24920
10424
10424
24172
17444
17444
17444
35917
68195
68195
11329
11329
6095
29249
29249
29249
29249
29249
29249
45827
45827
45827
29798
29798
29798
29798
13883
33492
33492
51189
59790
26666
20423
21193
21193
60032
60032
84124
84124
61174
7471
7471
7471
45890
45890
45890
34766
47791
47791
12234
47791
47791
47791
13195
13195
13195
13195
13195
13195
38476
19155
1294
20063
20063
40946
52467
10534
15859
9167
9167
10154
10154
10154
20921
82397
108572
55211
55211
55211
55211
5927
5927
36922
116782
14987
14987
19982
7574
7574
7574
7574
26651
26651
407
407
407
407
407
407
47263
6098
6098
6098
6098
6098
6098
51926
32605
32605
63192
101608
50883
40235
31054
48743
2297
2297
18426
15799
21065
21065
17351
17351
16874
16874
16874
47007
14898
14898
48103
23721
62128
88372
88372
7716
7716
7716
7716
7716
7716
7716
38341
91259
77784
100585
43563
8878
8878
8878
12739
12739
12739
76065
104560
42060
55909
14700
14700
14700
45325
45325
45325
45325
45325
20864
9412
9412
10469
15775
15775
65450
65450
6374
6374
6374
6374
22503
22503
22503
22503
72361
72361
10766
35030
35030
1230
1230
1230
1230
1230
1230
1230
1230
1230
29395
55047
20078
757
757
16886
16886
16886
16886
16886
16886
16886
16886
757
757
757
757
63257
24108
24108
38392
14049
48006
3062
3062
34963
34963
44561
24188
24188
12676
12676
12676
12676
12676
12676
31257
14922
14922
14922
14922
14922
27683
27683
27683
46452
4836
4836
4836
4836
4836
4836
4836
4836
19965
19965
19965
19965
42766
4323
4323
8515
53985
65040
20940
59356
59356
26608
26608
26608
26608
26608
19188
19188
37144
6956
6956
6956
37581
21452
29173
15771
15771
15771
15771
56980
56980
56980
56980
56980
43422
43422
43422
1806
1806
1806
1806
32419
45981
4644
4644
4644
4644
4644
20773
20773
20773
23748
23748
37261
62542
18442
18442
48766
18141
1740
1740
1740
1740
1740
1740
136429
53941
53941
125798
4446
4446
4446
4446
4446
4446
23767
23767
5204
5204
5204
5204
5204
41885
41885
11939
18686
18686
10796
10796
21245
55101
6412
6412
6412
6412
6412
6412
6412
6412
8717
8717
8717
8717
102343
18812
1123
1123
1123
1123
1123
1123
17252
17252
17252
33373
33373
33373
30131
16958
16958
16958
16958
33771
33771
10329
56314
28090
28090
28090
28090
75806
12534
12534
22810
22810
13057
13057
13057
13057
26981
26981
26981
26981
26981
26981
5509
5509
23198
2173
2173
2173
2173
2173
2173
2173
2173
2173
2173
2173
2173
69773
2588
2588
2588
2588
2588
29453
29453
55489
54735
1569
1569
34693
34693
34693
2652
2652
2652
2652
2652
2652
2652
2652
2652
2652
2652
2652
2652
30472
153
153
17536
17536
42536
42536
33089
33089
23160
23160
30664
13857
13857
49144
3348
3348
3348
7548
7548
7548
7548
7548
42144
24188
24188
41877
41877
1709
1709
1709
1709
1709
1709
1709
1709
1709
35565
49489
49489
5389
5389
10740
2996
2996
2996
19405
19405
19405
29434
29434
17655
17655
3884
21308
41693
15717
15717
15717
11839
11839
15717
15717
15717
15717
22515
22515
22515
22515
22515
38001
38001
38001
41523
41523
41523
41523
11247
25617
25617
25617
25617
30801
61777
22904
57752
57752
13004
13004
13004
13004
13004
13004
13004
13004
13004
13004
31852
33511
9338
9338
15943
15943
32018
15071
15071
37872
2528
7447
7447
24594
146171
67273
33216
87040
27015
27015
7954
7954
7954
7954
7954
74003
1622
1622
1622
16751
28310
28310
28310
11755
32780
32780
48445
48445
48445
48445
20889
20889
3760
3760
58049
35587
9343
24472
10872
13777
13777
2352
2352
2352
2352
2352
2352
2352
21673
8952
8952
8952
8952
8952
8952
26017
26017
26017
26017
51267
51267
20642
28642
33858
33858
1195
1195
1195
1195
1195
1195
47851
47851
21319
21319
21319
21319
21319
3962
3962
3962
3962
3962
38558
33266
33266
13823
20402
2978
2978
2978
2978
2978
45827
26814
26814
7782
7782
7782
7782
7782
7782
7782
7782
7782
15257
15257
15257
40538
40538
40538
53197
44772
44772
24961
24961
24961
24961
63377
63377
50867
17314
17314
17314
45186
45186
45186
27762
146787
109249
109249
115427
26623
61454
61454
17354
17354
31278
55927
4098
4098
4098
4098
47779
47779
182
182
182
182
182
182
182
31978
5633
38757
23743
3862
34138
52958
27302
22644
22644
22644
11489
11489
48047
32609
32609
32609
5416
5416
5416
12008
35953
29414
7450
7450
7450
7450
7450
7450
7450
37726
37726
37726
16098
37263
35637
35637
35637
21007
21007
21007
21007
21007
21007
21007
21007
21007
1686
14443
14443
1686
5657
5657
5657
5657
5657
41001
41001
3099
3099
3099
16866
16866
68850
49709
16301
16301
16301
13975
32250
32250
4085
4085
4085
4085
35061
4436
4436
4436
4436
4436
23788
39213
39213
39213
18188
499
23300
23300
55100
55100
17261
17261
17261
26021
26021
26021
26021
26021
26021
26420
36080
36080
83988
58707
41782
21901
31460
31460
24700
10269
10269
10269
3655
3655
3655
3655
3655
51616
51616
15465
15465
44560
44560
1711
1711
1711
1711
36476
36476
29348
34661
17237
18107
18107
8137
8137
8137
8137
8137
8137
8137
8137
8137
8137
7992
25387
25387
4362
4362
16087
16087
14889
14889
37690
37690
4934
33158
33158
33158
33158
81799
5801
5801
5801
5801
5801
5801
5801
5801
5801
5801
5801
5801
5801
5801
26096
26096
20129
808
808
808
79073
7249
7249
7249
7249
7249
7249
7249
7249
7249
7249
7249
7249
13200
17076
17076
17076
17076
17076
17076
42115
51521
51521
4865
4865
4865
4865
4865
4865
17936
35492
35492
35492
5216
5216
5216
5216
5216
5216
5216
15809
15809
15809
15809
15809
15809
15809
320
320
320
320
320
2147
43356
43356
20148
20148
27092
27092
7877
7877
7877
37067
45632
32768
18992
18992
30292
30292
16797
16797
17799
30162
45463
26142
26142
26142
26142
26142
16707
16707
16707
16707
29949
29587
29587
36977
36977
36977
36977
13648
13648
33529
30480
30480
4136
48236
48236
31288
8487
8487
8487
6660
45076
45076
45076
3867
23655
20445
20445
20445
20445
19875
50151
50151
21673
21673
21673
21673
21673
11714
11714
11714
11714
11714
11714
11714
11714
11714
52295
27014
27014
27014
8330
22295
22295
22295
22295
56666
56666
22295
14569
14569
14569
14569
39533
14252
14252
14252
14252
14252
29848
29848
41441
41441
24665
35851
35851
35851
35851
71682
17719
17719
10505
10505
10505
10505
10505
10505
10505
10505
34439
34439
88762
10463
10463
10463
10463
10463
10463
10463
10463
10463
10463
50546
50546
8930
8930
8930
11519
11519
11519
32544
32544
32544
32544
32544
21745
24911
24911
24911
40040
23911
71872
57812
57812
75768
27807
25602
25602
4757
4757
4757
22799
22799
22799
43358
43358
73634
102766
60207
2293
30008
30008
30008
23816
14600
42824
7855
19730
8302
8302
8302
8302
8302
8302
8302
9387
9387
9387
9387
9387
9387
9387
9387
26811
26811
1006
1006
1006
1006
1006
1006
1006
1006
1006
1634
1634
1634
1634
1634
45120
45120
45120
33073
17552
17552
17552
17552
17552
17552
17552
17552
17552
17552
17552
17552
17552
17552
17552
47828
28507
951
15178
15178
15178
15178
16863
29362
17727
12549
51967
51967
51967
35838
35838
35838
35838
18149
18149
18149
18149
18149
18149
38030
21506
21506
21506
21506
21506
21506
21506
3143
3143
3143
3143
3143
3143
3143
3143
30699
3526
3526
3526
3526
3526
3526
3526
3526
12603
12603
12603
12603
12603
2526
2526
2526
2526
2526
35499
35499
26539
76502
33059
33059
11041
11041
11041
11041
2883
2883
21652
21652
21652
21652
21652
21652
22029
31332
31332
31332
31332
20652
20652
20652
83
83
83
83
83
83
83
83
83
83
83
83
83
83
83
83
83
83
83
83
83
83
83
42108
42108
42108
14536
33305
23339
23339
106848
106848
672
672
672
672
672
18628
18628
12348
12348
15208
15208
15208
15208
15208
57692
57692
3868
3868
3868
3868
3868
3868
57692
43768
41624
41624
39032
39032
62092
62092
62092
62092
8731
8731
8731
8731
15918
15918
45091
45091
20130
20130
20130
20130
10146
24070
24070
24070
42026
42026
11335
11335
7986
7986
7986
7986
22290
22290
22290
22290
22290
22290
22290
8335
8335
14466
14466
14466
14466
14466
14466
36191
20062
20062
20062
20062
20062
20062
20062
3933
3933
3933
3933
3933
11196
11196
11196
11196
11196
11196
11196
6760
6760
6760
6760
6760
6760
6760
3933
3933
3933
3933
3933
3933
3933
3933
23623
23623
3742
3742
3742
3742
3742
60100
60668
60668
29532
29532
19236
3565
3565
3565
3565
3565
3565
3565
63590
52475
4514
4514
4514
4514
11615
11615
11615
11615
29571
29571
29571
95427
73494
73494
45531
100210
100210
143059
10563
34381
34381
34381
34381
15526
15526
15526
28407
28407
28407
28407
28407
28407
28407
28407
28407
14442
4327
4327
4327
4327
4327
4327
4327
4327
4327
9597
6669
27694
16406
18563
18563
18563
18563
18563
37332
33817
19897
19897
19897
19897
19897
19897
19897
19897
19897
29387
29387
5957
5957
5957
5957
5957
5957
5957
5957
5957
5957
5957
5957
5957
5957
5957
5957
5957
5957
5957
5957
5957
13364
21232
21232
21232
21232
41681
41681
8557
8557
8557
27257
27257
10768
10768
52793
52793
4832
4832
4832
4832
4832
4832
22368
24721
24721
14118
14118
14118
14118
17923
16673
16673
16673
16673
16673
16673
78192
208
208
28432
28432
28432
33072
33072
47017
43584
60223
51083
51083
5426
5426
48782
65462
47434
527
527
527
527
527
527
527
527
527
527
527
527
527
527
527
527
527
527
527
527
527
527
527
527
527
527
527
18483
18483
18483
22062
22062
6162
6162
6162
6162
50482
22506
22506
22506
32250
32250
5135
5135
5135
5135
36890
36890
36890
36890
36890
36890
36890
21674
4019
4019
30950
30950
30950
1091
1091
1091
1091
1091
15038
15038
15038
15038
20306
20306
985
985
985
985
985
985
45506
38594
48431
14069
39755
39755
8206
8206
8206
8206
8206
8206
8206
8206
11675
11675
22550
22550
22550
22550
22550
22550
22550
22550
22550
22550
22550
22550
42431
42431
42431
42431
42431
8552
8552
33632
33632
593
593
593
46452
46452
37648
43008
43008
1799
1799
1799
1799
1799
1799
7429
7429
7429
9995
29316
14784
14784
14784
14784
14784
14784
14784
14784
39748
39748
39748
39748
39748
39748
70476
17115
18229
48335
29014
29014
29014
1458
1458
1458
1458
1458
1458
32434
32434
32434
32434
57139
35277
1425
1425
1425
1425
1425
1425
1425
1425
1425
14500
14500
14500
14500
14500
14500
16476
16476
14500
14500
14500
14500
14500
45125
34964
34964
34964
34964
6064
28359
28359
28359
28359
28359
28359
6985
27240
27240
61096
36132
5507
5507
5507
5507
5507
5507
5507
5507
5507
5507
5507
5507
5507
5507
5507
5507
5507
5507
69569
69569
38869
38869
11077
11077
11077
11077
19548
5624
24652
73936
73936
45132
41893
41893
22116
22116
22116
22116
11008
11008
11008
11008
11008
11008
11008
28432
71281
71603
71603
10594
10594
10594
10594
10594
10594
10594
10594
8175
36769
36769
36769
52035
52035
10465
10465
10465
10465
10465
10465
10465
10465
10465
10465
10465
10465
10465
25730
25730
25730
25730
27631
27631
27631
27631
27631
25730
25730
25730
25730
25730
25730
25730
32834
32834
32834
32834
32834
27191
27191
28154
18071
18071
18071
39749
41476
18549
20714
20714
20714
9562
9562
9562
9562
9562
9562
15402
15402
15402
31254
31254
31254
26991
26991
26991
26991
26991
32545
9744
9744
9744
9744
9744
9744
9577
9577
42701
42701
58830
27854
45278
41942
33683
51372
12956
12956
12956
12956
25460
25460
27901
2937
2937
2937
2937
2937
2937
33213
33213
33213
33213
33213
42412
12064
4065
4065
4065
4065
4065
4065
4065
15816
27865
27865
39618
42723
58852
48077
19004
19004
19004
25940
25940
9540
9540
9540
9540
9540
9540
9540
9781
9781
9781
6348
18301
48034
48034
23385
23385
23385
23385
24576
24576
43136
29285
29285
5311
5311
5311
5311
35936
38761
3417
3417
3417
3417
3417
3417
3417
38761
38761
38761
22248
37377
37377
37377
48472
55857
55857
2049
2049
2049
2049
2049
2049
2049
2049
2049
2049
2049
2049
2049
2049
2049
2049
2049
2049
2049
2049
2049
2049
2049
2049
2049
2049
2049
2049
2049
2049
2049
2049
2049
2049
2049
20391
20391
44125
41724
41724
41724
41724
41724
6380
11044
60175
42751
29610
29610
23562
23562
23562
17234
39116
39116
10869
10869
19756
19756
19756
19756
19756
19756
19756
19756
19756
19756
51533
51533
24092
24092
24092
24092
24092
5323
5323
5323
5323
5323
5323
5323
5323
5323
13998
13998
13998
13998
13998
13998
13998
13998
13998
13998
4771
4771
4771
4771
4771
4771
4771
4771
4771
4771
4771
30573
30573
23251
23251
38380
38380
8104
8104
8104
8104
8104
8104
8104
44049
57075
10850
10850
10850
18050
39238
39238
1971
1971
1971
1971
26929
26929
26929
26929
18015
18015
23601
60379
6702
6702
6702
9873
9873
7816
7816
12633
14923
14923
14923
14923
14923
14923
14923
14923
29177
24249
24249
24249
27441
31123
11242
11242
11242
20799
20799
1478
1478
17291
17291
27230
15423
15423
15423
15423
15423
29347
16013
16013
16013
33271
33271
14690
26519
6605
6605
6605
6605
6605
32849
32849
14893
14893
2796
2796
2796
2796
2796
2796
2796
2796
2796
2796
18925
18925
3876
3876
3876
3876
3876
3876
3876
3876
3876
3876
19899
19899
19899
19899
26326
37683
37683
37683
37683
37683
37683
37683
37683
7058
7058
11711
5713
25034
18647
25874
18226
18226
18226
18226
18226
18226
18226
18226
18226
18226
12399
12399
12399
12399
12399
2730
2730
2730
2730
2730
2730
2730
2730
2730
2730
2730
24826
24826
24826
24826
8697
8697
8697
8697
8697
8697
24427
24427
8697
8697
8697
8697
8697
8697
8697
8697
8697
8697
8697
8697
8697
8697
9298
10023
10023
10023
10023
10023
10023
11002
11002
5127
5127
5127
5127
5127
5127
5127
5127
5127
5127
5127
5127
14194
14194
14194
14194
14194
14194
14194
14194
14194
14194
67555
67555
38655
38655
38655
9306
9306
9306
15343
15343
15343
15343
7903
7903
13122
13122
13122
17503
17503
17503
17503
17503
17466
17466
19398
77
77
77
77
77
77
21127
21127
21127
21127
21127
21127
21127
21127
21127
21127
21127
21127
4998
4998
4998
8067
26836
26836
17685
1556
1556
1556
1556
1556
17685
17685
17685
20731
20731
9894
9894
9894
9894
9894
9894
9894
9894
9894
9894
9894
9894
9894
9894
9894
9894
9894
9894
9894
9894
9894
9894
20731
20731
20731
5513
5513
5513
5513
5513
5513
43538
43538
43538
22511
22511
22511
22511
22511
23209
18000
18000
12625
21940
28685
28685
28685
28685
28685
28685
55415
18026
18026
26074
26074
26074
26074
31607
14189
17852
14189
30755
30755
30755
3841
3841
11288
11288
11288
11288
11288
11288
11288
11288
11288
11288
11288
11288
30952
40872
39217
4621
4621
4621
4621
4621
4621
15828
15828
15828
699
699
699
699
699
699
699
699
699
699
699
699
699
699
37326
37326
5285
5285
5285
5285
5285
5285
5285
5285
49385
25721
25721
27640
27640
27640
27640
47436
47436
47436
9208
9208
15571
15571
1853
1853
1853
1853
1853
1853
1853
1853
1853
1853
1853
1853
1853
1853
1853
1853
1853
1853
1853
1853
1853
1853
1853
1853
1853
1853
1853
1853
15836
15836
15836
15836
15836
15836
15836
14789
14789
1340
1340
1340
1340
1340
1340
1340
1340
1340
1340
1340
1340
1340
1340
1340
1340
1340
1340
1340
1340
1340
14789
14789
31436
15653
15653
18572
18572
18572
18572
18572
11336
11336
11336
11336
11336
11336
11336
11336
22889
22889
21211
21211
21211
16814
16814
16814
1045
1045
1045
1045
1045
1045
1045
1045
1045
1045
1045
1045
1045
1045
1045
1045
1045
20366
20366
20366
20366
1597
1597
1597
1597
1597
19286
19286
27370
12241
12241
12241
12241
12241
14660
5221
5221
5221
21896
21896
21896
30552
30552
30552
10671
10671
10671
10671
10671
10671
10671
10671
10671
10671
10671
10671
33429
10229
10229
10229
10229
10229
10229
10229
10229
10229
10229
10229
10229
10229
10229
10229
20747
20747
20747
24197
24197
25247
25247
25247
45696
45696
59929
59929
59929
25333
25333
25333
7644
7644
7644
7644
38269
47580
47580
18680
18680
2345
2345
2345
2345
2345
18680
18680
7564
7564
7564
7564
11757
11757
11757
11757
11757
11757
11757
11757
13207
13207
11757
11757
11757
11757
11757
11757
11757
11757
34468
18893
2132
2132
2132
2132
33108
33108
4917
15532
15532
40181
40181
40181
13180
24845
24845
24845
24845
24845
24845
24845
24845
7196
7196
7196
7196
7196
7196
7196
7196
7196
7196
7196
7196
7196
7196
7196
7196
7196
7196
7196
7196
7196
7196
7196
7196
7196
7196
7196
7196
7196
7196
7196
7196
7196
1644
1644
19381
19381
19381
19381
34510
34510
15407
15407
9874
9874
9874
9874
9874
9874
6255
6255
6255
6255
6255
6255
6255
6255
6255
6255
6255
13066
13066
13066
13066
13066
13066
26990
17954
17954
17954
265
265
265
265
265
265
265
265
265
265
19586
19586
19586
19586
7402
7402
7402
7402
7402
7402
7402
7402
7402
7402
7402
7402
7402
7402
7402
11919
11919
11919
11919
11919
11919
11919
11919
11919
11919
11919
11919
11919
11919
11919
11919
11919
11919
11919
11919
11919
16305
16305
16305
16305
12595
12595
12595
12595
12595
12595
12595
8430
8430
8430
8430
8430
8430
8430
8430
8430
8430
8430
33378
26158
26158
26158
26158
15458
9191
9191
9191
9191
29072
29072
29072
29072
19384
19384
19384
19384
19384
19384
19384
19384
19384
15960
15960
15960
15960
15960
15960
17896
17896
17896
11004
11004
32677
32677
32677
32677
32677
13356
13356
13356
13356
13356
13356
13356
11608
11608
46952
15319
15319
35175
20787
20787
43588
43588
43588
33348
30156
34360
34360
19464
19464
19464
19464
19464
48364
48364
403
403
403
403
403
30222
26422
21539
21539
21539
21539
21539
24686
24686
24686
24686
24686
24686
24686
24686
29138
37426
37426
37426
37426
8799
8799
8799
8799
8799
26170
20486
20486
10139
10139
10139
10139
10139
10139
8630
8630
7499
7499
7499
7499
7499
7499
7499
7499
7499
7499
7499
7499
7499
7499
7499
7499
7499
7499
7499
7499
7499
7499
7499
7499
7499
7499
7499
7499
7499
7499
7499
7499
7499
7499
7499
7499
7499
7499
7499
7499
7499
7499
7499
30917
30917
5938
5938
5938
5938
5938
5938
5938
5938
5938
5938
5938
5938
5938
5938
13383
13383
4306
4306
4306
13650
274
274
274
274
274
19043
26753
26753
26753
26753
12553
12553
12553
39293
39293
39293
54343
29757
24067
6558
6558
6558
6558
6558
6558
6558
6558
6558
6558
6558
6558
6558
6558
6558
6558
6558
6558
6558
6558
6558
6558
6558
6558
6558
6558
6558
6558
12763
12763
12763
12763
12763
22581
38428
15396
15396
15396
15396
15396
15396
15396
15396
15396
15396
15396
15396
15396
13504
13504
420
420
420
420
420
420
420
420
420
420
34645
34645
31441
2415
2415
2415
2415
25809
6232
6232
6232
13089
13089
13089
13089
13089
17536
17536
112
112
112
112
112
112
112
112
112
112
112
112
112
112
112
112
112
112
112
112
112
112
88160
88160
41504
41504
2596
2596
2596
2596
2596
2596
2596
2596
2596
2596
2596
8615
8615
8615
8615
8615
8615
10154
10154
10154
10154
14495
14495
14495
14495
10154
10154
9167
28766
9445
36780
41620
41620
16944
16944
16944
16944
16944
16944
16944
16944
17281
17281
17281
17281
17281
17281
17281
17281
17281
17281
17281
17281
17281
17281
17281
17281
17281
49283
46817
53757
6268
6268
6268
6268
11421
11421
11421
11421
11421
11421
11421
16135
16135
16135
16135
16135
16135
49259
24295
19805
28156
28156
28156
28156
28156
28156
34845
34845
34845
34845
34845
34845
34845
249
249
249
249
249
249
249
249
249
249
249
249
249
249
249
21274
21274
21274
66218
66218
66218
66218
37994
21865
21865
21865
21865
7035
7035
11734
11734
5955
5955
10174
10174
10174
10174
10174
10174
10174
10174
10174
10174
10174
10174
10174
10174
10174
10174
10174
10174
10174
10174
10174
10174
10174
3750
3750
3750
3750
3750
3750
3750
3750
3750
3750
3750
3750
3750
3750
3750
3750
3750
3750
3750
3750
3750
3750
3750
3750
3750
3750
3750
3750
3750
3750
3750
3750
3750
3750
3750
3750
26875
26875
26875
11150
19475
19475
19475
19475
19475
19475
19475
19475
19475
19475
19475
5489
5489
5489
5489
5489
27632
10784
6640
6640
6640
6640
6640
6640
6640
6640
6640
6640
6640
6640
6640
6640
6640
6640
22769
11827
11827
11827
11827
11827
11827
3302
3302
3302
3302
3302
3302
3302
3302
3302
3302
14654
32078
32078
32078
32078
32078
32078
40969
39120
39120
42725
42725
4309
4309
4309
4309
4309
4309
21998
21998
21998
21998
8627
7502
15299
16742
27839
27839
27839
27839
16261
16261
16261
16261
6540
6540
6540
9589
9589
9589
6540
6540
11416
9033
9033
25192
13224
13224
13224
13224
13224
13224
13224
13224
13224
18817
4893
4893
4893
4893
4893
4893
4893
4893
4893
4893
4893
4893
4893
4893
4893
4893
11236
11236
11236
11236
11236
11236
11236
11236
11236
11236
9789
9789
15371
15371
15371
15371
15371
15371
15371
4510
4510
4510
4510
4510
4510
4510
4510
4510
4510
4510
4510
4510
4510
4510
4510
4510
4510
4510
4510
4510
4510
4510
4510
4510
4510
4510
4510
4510
4510
4510
4510
4510
4510
4510
4510
4510
4510
4510
4510
4510
4510
20639
20639
35054
8810
8810
8810
8810
10511
10511
10511
10511
10511
10511
3413
3413
3413
3413
21102
21102
3146
3146
3146
3146
27638
33866
730
730
730
730
730
730
730
730
730
730
730
730
19151
19151
19151
24530
24530
24530
24530
3929
3929
3929
3929
3929
3929
3929
3929
3929
3929
3929
3929
3929
22215
22215
22215
22215
22215
22215
22215
22215
22215
22215
22215
16201
16201
22215
22215
22215
22215
8291
8291
23420
23420
23420
23420
23420
23420
21524
13820
13820
13820
13820
13820
24205
22884
22884
22884
22884
7741
14877
15748
15748
15748
4701
4701
4701
4701
4701
4701
4701
4701
4701
4701
4701
4701
4701
4701
4701
4701
4701
4701
4701
4701
4701
4701
4701
4701
4701
4701
4701
4701
4701
4701
4701
4701
4701
4701
4701
4701
4701
4701
4701
4701
4701
4701
4701
4701
4701
4701
4701
4701
4701
4701
4701
4701
4701
4701
4701
11428
44552
44552
3409
3409
3409
3409
3409
3409
3409
3409
3409
3409
3409
9385
9385
9385
9385
9385
9385
9385
9385
9385
9385
13416
5905
5905
21034
23910
23910
4247
4247
4247
4247
4247
4247
23941
23941
23941
23941
23941
24020
17189
11035
11035
11035
11035
11035
11035
11035
32060
32060
32060
32060
24584
24584
6392
6392
6392
6392
6392
6392
6392
6392
6392
6392
6392
21832
21832
6703
6703
6703
6703
6703
6703
6703
6703
6703
6703
22197
22197
22197
22197
22197
22197
22197
22197
22197
22197
22197
22197
22197
25256
9713
9713
9713
9713
9713
9713
25256
25
25
25
25
25
13899
13899
17077
48875
48875
48875
4949
11180
11180
11180
11180
11180
11180
2744
2744
11180
4949
4949
4949
4949
11180
2744
22537
22537
12432
12432
12432
12432
12432
12432
12217
12217
26141
7372
7372
7372
7372
7372
7372
7372
7372
7372
7372
7372
7372
7372
7372
7372
7372
7372
7372
7372
7372
7372
7372
7372
17909
17909
17909
18284
18284
18284
18284
18284
18284
40280
45569
17232
17232
17232
33361
2736
2736
2736
2736
2736
2736
2736
2736
2736
2736
2736
2736
2736
33994
33994
3369
3369
3369
3369
3369
3369
3369
3369
3369
3369
14055
6279
6279
6279
6279
6279
6279
20994
20994
20994
26095
26095
24530
7511
7511
7511
7511
7511
8618
8618
8618
8618
8618
10703
10703
35953
13331
13331
13331
13331
13331
13331
13331
13331
13331
13331
13331
13331
13331
13331
13331
13331
13331
13331
13331
13331
9911
9911
9911
9911
8858
8858
8858
8858
38234
38234
9727
9727
9727
9727
9727
24869
24869
24869
23092
23092
23092
3641
3641
3641
3641
3641
3641
3641
3641
3641
3641
3641
3641
3641
11488
11488
11488
7281
7281
7281
7281
7281
7281
7281
7281
22995
22995
22995
11601
11601
26730
11601
11601
11601
16623
16623
16623
16623
16623
16623
16623
16623
16623
16623
13653
13653
13653
13653
13653
13653
13653
13653
13653
13653
13653
13653
13653
13653
13653
13653
13653
29782
29782
29782
29782
29782
5133
5133
5133
5133
5133
5133
5133
5133
5133
5133
5133
5133
5133
5133
5133
5133
5133
5133
5133
5133
19057
19057
2759
2759
2759
2759
2759
2759
14665
14665
14665
14665
4656
4656
4656
4656
4656
4656
4656
4656
4656
4656
4656
25105
25105
25105
46184
26716
35784
12177
12177
12177
12177
12177
14067
14067
14067
14067
14067
14067
19057
19057
19057
19057
19057
19057
19057
7825
7825
7825
7825
7825
7825
7825
7825
7825
7825
7825
7825
7825
7825
7825
7825
7825
7825
7825
7825
7825
7825
7825
7825
7825
7825
7825
7825
7825
7825
73400
73400
73400
13375
13375
549
549
549
549
549
549
549
549
549
549
549
549
549
549
549
549
549
549
549
11106
11106
27310
8210
8210
8210
8210
8210
8210
8210
8210
8210
8210
8210
8210
5714
15845
15845
15845
21019
21019
21019
21019
21019
6914
6914
6914
6914
6914
6914
6914
6914
6914
6914
6914
6914
6914
6914
6914
6914
6914
6914
11855
11855
11855
11855
11855
23489
23489
23489
4168
4168
4168
4168
4168
4168
4168
4168
4168
4168
4168
4168
4168
4168
4168
4168
4168
4168
4168
4168
4168
4168
4168
4168
4168
4168
4168
4168
4168
4168
4168
4168
4168
4168
4168
4168
4168
4168
4168
4168
4168
4168
4168
4168
4168
16281
16281
16281
16281
30375
30375
11241
11241
11241
6183
6183
6183
6183
6183
6183
6183
20107
20107
20107
20107
20514
20514
20514
20514
12610
19431
19431
5507
5507
5507
5507
5507
5507
5507
5507
5507
5507
5507
5507
5507
5507
5507
5507
5507
5507
5507
21636
21636
21636
21636
49120
2895
2895
2895
2895
2895
2895
2895
2895
2895
2895
2895
13234
13234
13234
13234
13234
14990
14990
14990
14990
14990
14990
14990
14990
14990
14990
28691
28691
6278
22622
22622
8122
8122
10397
10397
10397
10397
10397
10397
10397
10397
10397
10397
10397
10397
10397
10397
10397
10397
10397
10397
10397
10397
14567
23849
28592
28592
28592
17633
17633
17633
17633
323
323
323
323
323
323
323
323
323
323
323
323
323
323
323
323
323
323
323
323
323
323
323
323
31718
31718
31718
31718
31718
31718
31718
31718
31718
31718
31718
31718
28798
60006
60006
7075
7075
7075
10881
10881
10881
10881
10881
10881
10881
10881
10881
10881
10881
3043
3043
3043
3043
3043
3043
3043
3043
3043
3043
3043
3043
3043
3043
3043
3043
3043
3043
3043
3043
3043
3043
3043
3043
3043
3043
31267
31267
31267
31267
31267
31267
16138
1286
1286
1286
1286
1286
1286
1286
1286
1286
1286
1286
1286
1286
1286
1286
1286
1286
30186
30186
30186
30186
13914
16711
16711
18258
18258
18258
2767
2767
2767
2767
2767
2767
2767
2767
2767
2767
2767
2767
2767
2767
2767
2767
2767
2767
2767
2767
30991
30991
30991
2133
2133
2133
2133
2133
2133
2133
2133
2133
2133
2133
2133
2133
2133
2133
2133
2133
2133
2133
2133
2133
2133
2133
2133
2133
2133
2133
2133
2133
2133
2133
2133
2133
2133
2133
2133
2133
2133
2133
2133
2133
2133
2133
2133
2133
2133
2133
2133
2133
2133
2133
2133
2133
23158
23158
32518
39306
39306
11319
13330
1799
1799
1799
1799
1799
1799
1799
1799
1799
1799
1799
1799
1799
1799
1799
1799
1799
1799
1799
1799
1799
1799
1799
1799
1799
1799
1799
1799
1799
1799
1799
1799
1799
1799
1799
1799
1799
1799
19488
34336
34336
4080
4080
4080
4080
4080
4080
4080
4080
4080
4080
4080
4080
12049
12049
12600
12600
30249
30249
30249
30249
30249
30249
30249
17712
3788
17712
17712
24313
6663
6663
18301
18301
18301
6663
17986
17986
1857
15567
15567
15567
2122
2122
2122
2122
2122
2122
2122
2122
2122
2122
2122
2122
2122
2122
2122
2122
2122
2122
2122
2122
2122
2122
2122
2122
2122
2122
2122
2122
2122
2122
2122
2122
2122
2122
2122
2122
2122
2122
2122
2122
2122
2122
2122
2122
2122
2122
15834
15834
15834
15834
15834
15834
15834
15834
295
295
295
295
295
295
295
18251
18251
18251
18251
18251
18251
18251
18251
23774
2749
2749
2749
2749
2749
2749
2749
2749
2749
2749
2749
2749
2749
2749
2749
27398
27398
27398
14218
14218
14218
14218
14218
14218
3738
3738
3738
3738
3738
3738
3738
3738
3738
3738
3738
3738
3738
3738
3738
3738
3738
3738
3738
3738
3738
3738
3738
3738
3738
3738
3738
3738
3738
3738
3738
3738
3738
3738
3738
3738
3738
3738
3738
3738
3738
3738
3738
3738
3738
3738
3738
34014
34014
3738
3738
3738
3738
3738
3738
3738
3738
3738
3738
3738
3738
3738
10186
10186
10186
10186
10186
3738
3738
3738
3738
3738
3738
3738
3738
3738
3738
3738
3738
3738
3738
3738
3738
3738
3738
3738
3738
3738
3738
3738
3738
3738
3738
3738
3738
3738
3738
3738
3738
3738
3738
3738
3738
40362
40362
16282
16282
16282
16282
16282
22134
22134
32622
32622
34459
18902
18902
16442
16442
16442
16442
16442
16442
16442
16442
16442
16442
16442
16442
16442
29354
4073
4073
11056
11056
11056
11056
11056
11056
11056
11056
11056
11056
16500
16500
16500
371
371
371
371
371
371
371
371
371
371
371
371
371
371
371
371
371
371
371
371
371
371
371
371
371
371
371
371
371
371
371
371
371
371
371
371
371
371
371
371
371
371
371
371
371
371
371
371
371
371
371
371
371
371
371
371
371
371
371
371
371
371
371
371
371
371
371
371
371
371
371
371
371
371
371
371
371
25652
25652
8204
8204
8204
8204
8204
11117
11117
11117
11117
11117
11117
11117
11117
11117
11117
27246
27246
26115
26115
5666
5666
5666
5666
9463
9463
9463
9463
15186
15186
15186
23230
23230
23230
23230
23230
49474
49474
24193
24193
24193
19488
19488
19488
21721
21721
21721
31640
31640
31640
31640
31640
31640
14585
14585
14585
14585
14585
14585
14585
14585
14585
14585
14585
14585
14585
14585
14585
14585
10379
10379
10379
10379
10379
10379
10379
10379
10379
5750
5750
5750
25226
61210
57815
57815
57815
32851
32851
32851
32851
32851
32851
32851
21043
32318
33731
14723
14723
14723
13501
13501
5820
5820
5820
5820
5820
5820
5820
5820
5820
5820
5820
5820
5820
5820
5820
23776
23776
23776
23776
23776
23776
10261
10261
10261
7163
11606
11606
11606
11606
4523
4523
4523
4523
4523
4523
4523
4523
4523
4523
4523
4523
4523
4523
4523
4523
4523
4523
4523
4523
4523
4523
4523
4523
4523
4523
4523
4523
4523
4523
4523
4523
4523
4523
4523
4523
4523
4523
4523
4523
4523
4523
4523
4523
4523
4523
4523
4523
4523
4523
4523
4523
4523
13433
13433
13433
5336
5336
5336
5336
5336
5336
5336
5336
5336
5336
5336
5336
5336
5336
5336
5336
24940
24940
24940
24940
24940
8184
8184
8184
8184
8184
8184
8184
8184
8184
8184
8184
8184
8184
8184
8184
8184
8184
8184
8184
8184
8184
8184
8184
8184
8184
8184
8184
8184
8184
8184
8184
8184
8184
8184
8184
8184
8184
8184
8184
8184
12841
12841
12841
12841
12841
12841
12841
12841
12841
12841
12841
12841
12841
12841
15383
15383
15383
15383
19961
19961
19961
19961
5003
5003
5003
24324
6635
6635
6635
6635
6635
6635
6635
6635
6635
6635
12686
12686
12686
12686
13558
13558
21038
21038
21038
21038
21038
21038
1717
1717
1717
1717
1717
1717
1717
1717
1717
1717
1717
1717
1717
1717
1717
1717
1717
1717
1717
18164
18164
10736
10289
10289
10289
10289
10289
10289
10289
10289
9032
9032
9032
9032
9032
9032
9032
9032
9032
9032
9032
9032
9032
9032
9032
9032
9032
9032
9032
9032
9032
9032
9032
9032
9032
9032
9032
9032
9032
9032
9032
9032
9032
9032
7097
7097
7097
7097
7097
7097
11672
23297
23297
23297
23792
23792
13531
13531
13531
13531
3893
3893
3893
3893
3893
3893
3893
3893
3893
3893
3893
3893
3893
3893
3893
3893
3893
3893
3893
3893
3893
3893
3893
3893
3893
3893
3893
3893
3893
3893
3893
3893
3893
3893
9536
9536
9536
9785
9785
9785
9785
9785
9785
9785
4139
4139
18662
18662
18662
18662
22954
22954
11642
7679
7679
7679
7679
7679
7679
7679
7679
7679
7679
7679
9383
9383
9383
9383
9383
9383
9383
9383
9383
9383
9383
9383
9383
9383
9383
11642
11642
11642
11642
11159
11159
11159
11159
11159
11159
19117
18908
31717
31717
31717
31717
12383
2746
2746
2746
2746
2746
2746
2746
20435
9841
9841
9841
9841
9841
9841
9841
9841
2930
2930
2930
2930
2930
2930
2930
2930
2930
2930
2930
2930
2930
2930
2930
2930
25294
25294
25294
25294
25294
25294
25294
25294
25294
25294
25294
2930
2930
2930
2930
2930
2930
2930
25970
25970
25970
25970
25970
25970
25970
36530
36530
36530
44695
27666
26158
26158
26158
26158
26158
26158
26158
26158
26158
26158
15051
4270
4270
4270
4270
4270
4270
4270
4270
4270
4270
4270
4270
4270
4270
4270
4270
4270
4270
4270
13154
13154
13154
13154
13154
13154
13154
13154
13154
13154
13154
15070
15070
19526
11450
11450
11450
11450
11450
29139
29139
29139
1137
1137
1137
1137
1137
1137
18744
18744
18744
18744
18744
18744
18120
18120
40040
37244
37244
37244
20068
20068
20068
20068
21548
22133
22133
22133
22133
31691
38051
38051
4798
4798
4798
4798
4798
4798
4798
4798
4798
4798
4798
4798
4798
4798
4798
4798
4798
4798
4798
4798
4798
4798
4798
4798
4798
4798
4798
4798
4798
4798
4798
4798
4798
4798
4798
4798
4798
4798
4798
4798
4798
4798
4798
4798
4798
4798
4798
4798
4798
4798
4798
4798
4798
4798
4798
4798
4798
4798
4798
4798
4798
4798
4798
4798
4798
4798
4798
4798
4798
4798
4798
4798
4798
4798
4798
4798
4798
4798
4798
4798
4798
4798
4798
4798
11331
11331
11331
11331
11331
11331
11331
11331
4798
4798
4798
4798
4798
4798
4798
4798
4798
4798
4798
4798
4798
4798
4798
4798
4798
4798
4798
4798
4798
4798
4798
4798
4798
4798
4798
4798
4798
4798
4798
4798
4798
4798
4798
4798
4798
4798
4798
4798
4798
4798
4798
4798
4798
4798
4798
4798
4798
4798
4798
4798
4798
4798
4798
4798
4798
4798
4798
4798
4798
4798
4798
4798
4798
4798
4798
4798
4798
4798
4798
4798
4798
4798
4798
4798
4798
4798
4798
4798
4798
4798
4798
4798
4798
4798
4798
4798
4798
4798
4798
4798
4798
4798
4798
4798
4798
29259
29259
15262
15262
15262
15262
15262
133
133
133
133
133
133
133
133
133
133
133
133
133
133
133
133
133
133
133
133
133
133
133
17822
17822
23794
5838
5838
5838
5838
5838
5838
5838
5838
5838
5838
5838
5838
5838
5838
5838
5838
5838
5838
5838
5838
5838
5838
5838
5838
5838
5838
5838
5838
5838
5838
5838
5838
5838
5838
5838
5838
5838
5838
5838
5838
5838
5838
5838
5838
5838
5838
5838
5838
5838
5838
5838
5838
5838
5838
5838
5838
5838
5838
5838
5838
5838
5838
5838
5838
5838
5838
5838
5838
10291
9030
9030
9030
9030
9030
9030
9030
9030
9030
9030
9030
9030
13771
13771
13771
13771
13771
15129
15129
15129
15129
15129
15129
15129
15129
15129
15129
15129
15129
3640
3640
3640
3640
3640
3640
3640
3640
3640
3640
3640
3640
3640
3640
3640
30585
16071
16071
16071
16071
16071
16071
16071
16071
16071
16071
1353
1353
1353
1353
1353
1353
1353
1353
1353
1353
1353
1353
1353
1353
1353
1353
1353
1353
1353
1353
1353
1353
1353
1353
1353
1353
1353
1353
1353
1353
1353
1353
19096
19096
19096
19096
19096
19096
19096
34728
34728
38172
38172
38172
17723
17723
12902
12902
12902
12902
12902
12902
12902
12902
4522
4522
4522
4522
4522
4522
4522
4522
4522
4522
4522
4522
29486
29486
29486
33014
31502
31502
31502
31502
31502
31502
13442
13442
13442
13442
13442
13442
5879
5879
12890
7559
7559
7559
7559
7559
7559
7559
9865
9865
9865
9865
9865
9865
9865
9865
9865
9865
9865
9865
9456
9456
9456
4468
4468
4468
4468
4468
4468
4468
4468
4468
4468
4468
4468
4468
4468
4468
4468
4468
4468
4468
4468
4468
4468
4468
4468
4468
4468
4468
4468
4468
4468
4468
4468
4468
9456
9456
9456
9456
9456
9456
9456
9456
9456
9456
9456
9456
9456
9456
9456
9456
9456
9456
9456
9456
9456
9456
9456
9456
9456
9456
9456
9456
9456
9456
9456
9456
9456
9456
9456
9456
25140
25140
25140
12885
6436
6436
6436
6436
14108
5213
5213
5213
5213
5213
5213
5213
19436
19436
19436
19436
19436
19436
15908
15908
15908
16133
16133
16133
16133
16133
16133
16133
16133
19211
19211
19211
19211
19211
19211
5287
5287
5287
5287
5287
5287
5287
5287
5287
5287
5287
5287
5287
5287
9842
9842
7582
7582
7582
7582
7582
7582
7582
7582
7582
7582
7582
7582
10374
10374
10374
17850
17850
17850
17850
17850
17850
17494
17494
17494
17494
17494
17494
17494
462
462
462
462
462
462
462
462
462
462
462
462
462
462
462
462
462
462
462
462
462
462
462
462
462
462
462
462
462
462
462
462
462
462
462
462
462
462
462
462
462
462
462
14386
11858
11858
11858
11858
11858
11858
11858
11858
11858
11858
35231
35231
35231
35231
12730
12730
13514
13514
410
410
410
410
410
410
410
410
410
410
410
410
410
410
410
410
410
410
410
410
410
410
410
410
410
410
410
410
410
410
410
410
410
410
410
410
410
410
410
410
410
410
410
410
410
410
410
410
410
410
410
410
410
410
410
410
410
410
410
410
410
410
410
410
410
410
410
410
410
410
410
410
410
410
410
410
410
410
410
410
410
410
410
410
410
410
410
410
410
410
410
410
410
410
410
410
410
410
410
410
410
410
410
410
410
410
410
410
410
410
410
410
410
410
410
410
410
410
410
410
410
410
410
410
410
410
410
410
410
410
410
410
410
410
410
410
410
410
410
410
410
410
410
410
410
410
410
410
410
410
410
410
410
410
410
410
410
410
410
410
410
410
410
410
410
410
410
410
410
410
410
410
410
410
410
410
410
410
410
410
410
410
410
410
410
410
410
410
410
410
410
410
410
410
410
410
410
410
410
410
410
410
410
410
410
410
410
410
410
410
410
410
410
410
410
410
410
410
410
410
410
410
410
410
410
410
410
410
410
410
410
410
410
410
410
410
410
410
410
410
410
410
410
410
410
410
410
410
410
410
410
410
410
410
410
410
410
410
410
410
410
410
410
410
410
410
410
18359
18359
18359
18359
18359
14765
14765
841
841
841
841
841
841
841
841
841
841
841
841
841
841
841
841
841
841
841
841
841
841
841
841
841
841
841
841
841
841
841
841
841
841
841
841
841
841
841
841
841
841
841
841
841
841
841
841
841
841
841
841
841
841
841
841
841
841
841
841
841
841
841
841
841
841
841
841
841
841
841
841
841
841
841
841
841
841
841
841
841
841
841
841
841
841
841
841
841
841
841
841
841
841
841
841
841
841
841
841
841
841
841
841
841
841
841
841
841
841
841
841
841
841
841
841
841
841
841
841
841
841
841
841
841
841
841
841
841
841
841
841
841
841
841
841
841
841
841
841
841
841
841
841
841
841
841
841
841
841
841
841
841
841
841
841
841
841
841
841
841
841
841
841
841
841
841
841
841
841
841
841
841
841
841
841
841
841
841
841
841
841
841
841
841
841
841
841
841
841
841
841
841
841
841
841
841
841
841
841
841
841
841
841
841
841
841
841
841
841
841
841
841
841
841
841
841
841
841
841
841
841
841
841
841
841
841
841
841
841
841
841
841
841
841
841
841
841
841
841
841
841
841
841
841
841
841
841
841
841
841
841
841
841
841
841
841
841
841
841
841
841
841
841
841
841
841
841
841
841
841
841
841
841
841
841
841
841
841
841
841
841
841
841
841
841
841
841
841
841
841
841
841
841
841
841
841
841
841
841
841
841
841
841
841
841
841
841
841
841
841
841
841
841
841
841
841
841
841
841
841
841
841
841
841
841
841
841
841
841
841
841
841
841
841
841
841
841
841
841
841
841
841
841
841
841
841
841
841
841
841
841
841
841
841
841
841
841
841
841
841
841
841
841
841
841
841
841
841
841
841
841
841
841
841
841
841
841
841
841
841
841
841
841
841
841
841
841
841
841
841
841
18797
7205
7205
7205
7205
7205
7205
7924
7924
7924
7924
7924
7924
7924
7924
7924
7924
7924
7924
7924
7924
7924
7924
7924
7924
7924
7924
7924
7924
7924
7924
7924
7924
7924
7924
7924
7924
7924
7924
7924
7924
7924
7924
7924
7924
7924
7924
7924
7924
7924
7924
6000
6000
6000
6000
6000
6000
6000
6000
6000
6000
6000
6000
6000
6000
6000
6000
6000
6000
6000
6000
6000
6000
6000
6000
6000
6000
6000
6000
6000
6000
6000
6000
6000
6000
6000
6000
6000
6000
6000
6000
6000
6000
6000
6000
6000
6000
6000
6000
6000
6000
6000
6000
6000
7924
7924
7924
7924
7924
7924
7924
7924
7924
7924
7924
7924
7924
7924
7924
7924
7924
7924
7924
7924
7924
7924
7924
8205
9751
9751
9751
9751
9751
9751
9751
5378
5378
5378
5378
5378
5378
5378
5378
5378
5378
5378
5378
5378
5378
5378
5378
5378
5378
5378
5378
5378
5378
5378
5378
5378
5378
5378
5378
5378
5378
5378
5378
5378
5378
5378
5378
5378
5378
5378
5378
5378
5378
5378
5378
5378
5378
5378
5378
5378
5378
5378
5378
5378
5378
5378
5378
5378
5378
5378
5378
5378
5378
5378
5378
5378
5378
5378
5378
5378
5378
5378
5378
5378
5378
5378
5378
5378
5378
5378
5378
5378
5378
5378
5378
5378
5378
5378
5378
5378
5378
5378
5378
5378
5378
5378
5378
5378
5378
5378
5378
5378
5378
5378
5378
5378
5378
5378
5378
5378
5378
5378
5378
10751
10751
10751
10751
10751
24218
24218
24218
24218
24218
10007
10007
10007
10007
10007
10007
10007
10007
10007
10007
10007
10007
10007
10007
10007
10007
10007
10007
10007
10007
10007
10007
10007
10007
10007
10007
10007
10007
10007
10007
10007
10007
10007
10007
10007
10007
7949
7949
7949
7949
7949
7949
7949
7949
7949
7949
7949
7949
7949
7949
7949
7949
7949
7180
8949
8949
8949
8949
8949
8949
8949
9007
9007
9007
9007
9007
9007
9007
9007
9007
9007
9007
9007
9007
9007
9007
9007
9007
9007
9007
9007
9007
9007
9007
9007
9007
9007
9007
9007
9007
9007
9007
9007
9007
9007
9007
8682
8682
8682
8682
8682
8682
8682
8682
8682
8682
8682
14119
14119
14119
14119
14119
14119
14119
14119
14119
14119
14119
14119
14119
16157
16967
16967
16967
16967
16967
16967
16967
16967
16967
16967
16967
16967
21058
21058
21058
21058
21058
21058
21058
21058
21058
21058
21058
21058
17358
17358
17358
17358
17358
17358
17358
3434
3434
3434
3434
3434
3434
3434
3434
3434
3434
3434
3434
3434
3434
3434
3434
3434
3434
3434
3434
3434
3434
3434
3434
3434
3434
3434
3434
3434
3434
3434
3434
3434
3434
3434
3434
3434
3434
3434
3434
3434
3434
3434
3434
3434
3434
3434
3434
3434
3434
3434
3434
3434
3434
3434
3434
15335
14941
19284
19284
19284
3155
3155
3155
3155
3155
3155
3155
3155
3155
3155
3155
3155
3155
3155
3155
3155
3155
3155
3155
3155
3155
3155
3155
3155
3155
3155
3155
3155
3155
3155
3155
3155
3155
3155
3155
3155
3155
3155
3155
3155
3155
3155
3155
3155
3155
3155
3155
3155
3155
3155
3155
3155
3155
3155
3155
3155
3155
3155
3155
3155
3155
3155
3155
3155
3155
3155
3155
3155
3155
3155
3155
3155
3155
3155
3155
3155
3155
3155
3155
3155
3155
3155
3155
3155
3155
3155
3155
3155
3155
3155
3155
3155
3155
3155
3155
3155
3155
3155
3155
3155
3155
3155
3155
3155
3155
3155
3155
3155
3155
3155
3155
3155
3155
3155
3155
3155
3155
3155
3155
3155
3155
3155
3155
3155
3155
3155
3155
3155
3155
3155
3155
3155
3155
3155
3155
3155
3155
3155
3155
3155
3155
3155
3155
3155
3155
3155
3155
3155
3155
3155
3155
3155
3155
3155
3155
3155
3155
3155
3155
3155
3155
3155
3155
3155
3155
3155
3155
3155
3155
3155
3155
3155
3155
3155
3155
3155
3155
3155
3155
3155
3155
3155
3155
3155
3155
3155
3155
3155
3155
3155
3155
3155
3155
3155
3155
3155
3155
3155
3155
3155
3155
3155
3155
3155
3155
3155
3155
3155
3155
3155
3155
3155
3155
3155
3155
3155
3155
3155
3155
3155
3155
3155
10769
10769
10769
14512
29588
10267
10267
10267
10267
10267
10267
10267
10267
10267
10267
10267
10267
10267
10267
10267
5862
5862
10267
10267
10267
10267
10267
10267
10267
10267
10267
7157
7157
7157
7157
7157
7157
7157
7157
7157
7157
7157
7157
7157
7157
7157
7157
7157
7157
7157
7157
7157
7157
7157
7157
7157
7157
7157
7157
7157
7157
7157
7157
7157
7157
7157
7157
10267
10267
10267
10267
10267
10267
10267
10267
12747
12747
12747
12747
12747
12747
3382
3382
3382
3382
3382
3382
3382
3382
3382
3382
3382
3382
3382
3382
3382
3382
3382
3382
3382
3382
3382
3382
3382
3382
3382
3382
3382
3382
3382
3382
3382
3382
3382
3382
3382
3382
3382
3382
3382
3382
3382
3382
3382
3382
3382
3382
3382
3382
3382
3382
3382
3382
3382
3382
3382
3382
3382
3382
3382
3382
3382
3382
3382
3382
3382
3382
3382
3382
3382
3382
3382
3382
3382
3382
3382
3382
3382
3382
3382
3382
3382
3382
3382
3382
3382
3382
3382
3382
3382
3382
3382
3382
3382
3382
3382
3382
3382
3382
3382
3382
3382
3382
3382
3382
3382
3382
3382
3382
3382
3382
3382
3382
3382
3382
3382
12747
12747
12747
12747
12747
12747
12747
8278
8278
8278
8278
8278
8278
8278
8278
8278
9411
9411
9411
9411
9411
9411
9411
6718
6718
6718
6718
12051
12051
12051
12051
12051
12051
12051
12051
12051
12051
12051
12051
12051
12051
12051
13230
13230
13230
13230
15545
15545
15545
15545
584
584
584
584
584
584
584
584
584
584
584
584
584
584
584
584
584
584
584
584
584
584
584
584
584
584
584
584
584
584
584
584
584
584
584
584
584
584
584
584
584
584
584
584
584
584
584
584
584
584
584
584
584
584
584
584
584
584
584
584
584
584
584
584
584
584
584
584
584
584
584
584
584
584
584
584
584
584
584
584
584
584
584
584
584
584
584
584
584
584
584
584
584
584
584
584
584
584
584
584
584
584
584
584
584
584
584
584
584
584
584
584
584
584
584
584
584
584
584
584
584
584
584
584
584
584
584
584
584
584
584
584
584
584
584
584
584
584
584
584
584
584
584
584
584
584
584
584
584
584
584
584
584
584
584
584
584
584
584
584
584
584
584
584
584
584
584
584
584
584
584
584
584
584
584
584
584
584
584
584
584
584
584
584
584
584
584
584
584
584
584
584
584
584
584
584
584
584
584
584
584
584
584
584
584
584
584
584
584
584
584
584
584
584
584
584
584
584
584
584
584
584
584
584
584
584
584
584
584
584
584
584
584
584
584
584
584
584
584
584
584
584
584
584
584
584
584
584
584
584
584
584
584
584
584
584
584
584
584
584
584
584
584
584
584
584
584
584
584
584
584
584
584
584
584
584
584
584
584
584
584
584
584
584
584
584
584
584
584
584
584
584
584
584
584
584
584
584
584
584
584
584
584
584
584
584
584
584
584
584
584
584
584
584
584
584
584
584
584
584
584
584
584
584
584
584
584
584
584
584
584
584
584
584
584
584
584
584
584
584
584
584
584
584
584
584
584
584
584
584
584
584
584
584
584
584
584
584
584
584
584
584
584
584
584
584
584
584
584
584
584
584
584
584
584
584
584
584
584
584
584
584
584
584
584
584
584
584
584
584
584
584
584
584
584
584
584
584
584
584
584
584
584
584
584
584
584
584
584
584
584
584
584
584
584
584
584
584
584
584
584
584
584
584
584
584
584
584
584
584
584
584
584
584
584
584
584
584
584
584
584
584
584
584
584
584
584
584
584
584
584
584
584
584
584
584
584
584
584
584
584
584
584
584
584
584
584
584
584
584
584
584
584
584
584
584
584
584
584
584
584
584
584
584
584
584
584
584
584
584
584
584
584
584
584
584
584
584
584
584
584
584
584
584
584
584
584
584
584
584
584
584
584
584
584
584
584
584
584
584
584
584
584
584
584
584
584
584
584
584
584
584
584
584
584
584
584
584
584
584
584
584
584
584
584
584
584
584
584
584
584
584
584
18737
18737
18737
18737
18737
28352
28292
8971
8971
8971
8971
8971
8971
10910
7046
7046
7046
7046
7046
7046
7046
7046
7046
7046
7046
7046
7046
7046
7046
7046
7046
7046
7046
7046
7046
7046
7046
7046
7046
7046
7046
7046
7046
7046
7046
7046
7046
7046
7046
7046
7046
7046
7046
7046
7046
7046
7046
7046
7046
7046
7046
7046
7046
7046
7046
7046
7046
7046
7046
7046
7046
7046
7046
7046
7046
10910
7046
7046
7046
7046
7046
7046
7046
7046
7046
7046
7046
7046
7046
7046
7046
7046
7046
7046
7046
7046
7046
7046
7046
7046
7046
23175
23175
23175
23175
2150
2150
2150
2150
2150
2150
2150
2150
2150
2150
2150
2150
2150
2150
2150
2150
2150
2150
2150
2150
2150
2150
2150
2150
2150
2150
2150
2150
2150
2150
2150
2150
2150
2150
2150
2150
2150
2150
2150
2150
2150
2150
2150
2150
2150
2150
2150
2150
2150
2150
2150
2150
2150
2150
2150
2150
2150
2150
2150
2150
2150
2150
2150
2150
2150
2150
2150
2150
2150
2150
2150
2150
2150
2150
2150
2150
2150
2150
2150
2150
2150
2150
2150
2150
2150
2150
2150
2150
2150
2150
2150
2150
2150
2150
2150
2150
2150
2150
2150
2150
2150
2150
2150
2150
2150
2150
2150
2150
2150
2150
2150
2150
2150
2150
2150
2150
2150
2150
2150
2150
2150
2150
2150
2150
2150
2150
2150
2150
2150
2150
2150
2150
2150
2150
2150
2150
2150
2150
2150
2150
2150
2150
2150
2150
2150
2150
2150
2150
2150
2150
2150
2150
2150
2150
2150
2150
2150
2150
2150
2150
2150
2150
2150
2150
2150
2150
2150
2150
2150
2150
2150
2150
2150
2150
2150
2150
2150
2150
2150
2150
2150
2150
2150
2150
2150
2150
2150
2150
2150
2150
2150
2150
2150
2150
2150
2150
2150
2150
2150
2150
2150
2150
2150
2150
2150
2150
2150
2150
2150
2150
2150
2150
2150
2150
2150
2150
2150
2150
2150
2150
2150
2150
2150
2150
2150
2150
2150
2150
2150
2150
2150
2150
2150
2150
2150
2150
2150
2150
2150
2150
2150
2150
2150
2150
2150
2150
2150
2150
2150
2150
2150
2150
2150
2150
2150
2150
2150
2150
2150
2150
2150
2150
2150
2150
2150
2150
2150
2150
2150
2150
2150
2150
2150
2150
2150
2150
2150
2150
2150
2150
2150
2150
2150
2150
2150
2150
2150
2150
2150
2150
2150
2150
2150
2150
2150
2150
2150
2150
2150
2150
2150
2150
2150
2150
2150
2150
2150
2150
2150
2150
2150
2150
2150
2150
2150
2150
2150
2150
2150
2150
2150
2150
2150
2150
2150
2150
2150
2150
2150
2150
2150
2150
2150
2150
2150
2150
2150
2150
2150
2150
2150
2150
2150
2150
2150
2150
2150
2150
2150
2150
2150
2150
2150
2150
2150
2150
2150
2150
2150
2150
2150
2150
2150
2150
2150
2150
2150
2150
2150
2150
2150
2150
2150
2150
2150
2150
2150
2150
2150
2150
2150
2150
2150
2150
2150
2150
2150
2150
2150
2150
2150
2150
2150
2150
2150
2150
2150
2150
2150
2150
2150
2150
2150
2150
2150
2150
2150
2150
2150
2150
2150
2150
2150
2150
2150
2150
2150
2150
2150
2150
2150
2150
2150
2150
2150
2150
2150
2150
2150
2150
2150
2150
2150
2150
2150
2150
2150
2150
2150
2150
2150
2150
2150
2150
2150
2150
2150
2150
2150
2150
2150
2150
2150
2150
2150
2150
2150
2150
2150
2150
2150
2150
2150
2150
2150
2150
2150
2150
2150
2150
2150
2150
2150
2150
2150
2150
2150
2150
2150
2150
2150
2150
2150
2150
2150
2150
2150
2150
2150
2150
2150
2150
2150
2150
2150
2150
2150
2150
2150
2150
2150
2150
2150
2150
2150
2150
2150
2150
2150
2150
2150
2150
2150
2150
2150
2150
2150
2150
2150
2150
2150
2150
2150
2150
2150
2150
2150
2150
2150
2150
2150
2150
2150
2150
2150
2150
2150
2150
2150
2150
2150
2150
2150
2150
2150
2150
2150
2150
2150
2150
2150
2150
2150
2150
2150
2150
2150
2150
2150
2150
2150
2150
2150
2150
2150
2150
2150
2150
2150
2150
2150
2150
2150
2150
2150
2150
2150
2150
2150
2150
2150
2150
2150
2150
2150
2150
2150
2150
2150
2150
2150
2150
2150
2150
2150
2150
2150
2150
2150
2150
2150
2150
2150
2150
2150
2150
2150
2150
2150
2150
2150
2150
2150
2150
2150
2150
2150
2150
2150
2150
2150
2150
2150
2150
2150
2150
2150
2150
2150
2150
2150
2150
2150
2150
2150
2150
2150
2150
2150
2150
2150
2150
2150
2150
2150
2150
2150
2150
2150
2150
2150
2150
2150
2150
2150
2150
2150
2150
2150
2150
2150
2150
2150
2150
2150
2150
2150
2150
2150
2150
2150
2150
2150
2150
2150
2150
2150
2150
2150
2150
2150
2150
2150
2150
2150
2150
2150
2150
2150
2150
2150
2150
2150
2150
2150
2150
2150
2150
2150
2150
2150
2150
2150
2150
2150
2150
2150
2150
2150
2150
2150
2150
2150
2150
2150
2150
2150
2150
2150
2150
2150
2150
2150
2150
2150
2150
2150
2150
2150
2150
2150
2150
2150
2150
2150
2150
2150
2150
2150
2150
2150
2150
2150
2150
2150
2150
2150
2150
2150
2150
2150
2150
2150
2150
2150
2150
2150
2150
2150
2150
2150
2150
2150
2150
2150
2150
2150
2150
2150
2150
2150
2150
2150
2150
2150
2150
2150
2150
2150
2150
2150
2150
2150
2150
2150
2150
2150
2150
2150
2150
2150
2150
2150
2150
2150
2150
2150
2150
2150
2150
2150
2150
2150
2150
2150
2150
2150
2150
2150
2150
2150
2150
2150
2150
2150
2150
2150
2150
2150
2150
2150
2150
2150
2150
2150
2150
2150
2150
2150
2150
2150
2150
2150
2150
2150
2150
2150
2150
2150
2150
2150
2150
2150
2150
2150
2150
2150
2150
2150
2150
2150
2150
2150
2150
2150
2150
2150
2150
2150
2150
2150
2150
2150
2150
2150
2150
2150
2150
2150
2150
2150
2150
2150
2150
2150
2150
2150
2150
2150
2150
2150
2150
2150
2150
2150
2150
2150
2150
2150
2150
2150
2150
2150
2150
2150
2150
2150
2150
2150
2150
2150
2150
2150
2150
2150
2150
2150
2150
2150
2150
2150
2150
2150
2150
2150
2150
2150
2150
2150
2150
2150
2150
2150
2150
2150
2150
2150
2150
2150
2150
2150
2150
2150
2150
2150
2150
2150
2150
2150
2150
2150
2150
2150
2150
2150
2150
2150
2150
2150
2150
2150
2150
2150
2150
2150
2150
2150
2150
2150
2150
2150
2150
2150
2150
2150
2150
2150
2150
2150
2150
2150
2150
2150
2150
2150
2150
2150
2150
2150
2150
2150
2150
2150
2150
2150
2150
2150
2150
2150
2150
2150
2150
2150
2150
2150
2150
2150
2150
2150
2150
2150
2150
2150
2150
2150
2150
2150
2150
2150
2150
2150
2150
2150
2150
2150
2150
2150
2150
2150
2150
15505
15505
624
624
624
624
624
624
624
624
624
624
624
624
624
624
624
624
624
624
624
624
624
624
624
624
624
624
624
624
624
624
624
624
624
624
624
624
624
624
624
624
624
624
624
624
624
624
624
624
624
624
624
624
624
624
624
624
624
624
624
624
624
624
624
624
624
624
624
624
624
624
624
624
624
624
624
624
624
624
624
624
624
624
624
624
624
624
624
624
624
624
624
624
624
624
624
624
624
624
624
624
624
624
624
624
624
624
624
624
624
624
624
624
624
624
624
624
624
624
624
624
624
624
624
624
624
624
624
624
624
624
624
624
624
624
624
624
624
624
624
624
624
624
624
624
624
624
624
624
624
624
624
624
624
624
624
624
624
624
624
624
624
624
624
624
624
624
624
624
624
624
624
624
624
624
624
624
624
624
624
624
624
624
624
624
624
624
624
624
624
624
624
624
624
624
624
624
624
624
624
624
624
624
624
624
624
624
624
624
624
624
624
624
624
624
624
624
624
624
624
624
624
624
624
624
624
624
624
624
624
624
624
624
624
624
624
624
624
624
624
624
624
624
624
624
624
624
624
624
624
624
624
624
624
624
624
624
624
624
624
624
624
624
624
624
624
624
624
624
624
624
624
624
624
624
624
624
624
624
624
624
624
624
624
624
624
624
624
624
624
624
624
624
624
624
624
624
624
624
624
624
624
624
624
624
624
624
624
624
624
624
624
624
624
624
624
624
624
624
624
624
624
624
624
624
624
624
624
624
624
624
624
624
624
624
624
624
624
624
624
624
624
624
624
624
624
624
624
624
624
624
624
624
624
624
624
624
624
624
624
624
624
624
624
624
624
624
624
624
624
624
624
624
624
624
624
624
624
624
624
624
624
624
624
624
624
624
624
624
624
624
624
624
624
624
624
624
624
624
624
624
624
624
624
624
624
624
624
624
624
624
624
624
624
624
624
624
624
624
624
624
624
624
624
624
624
624
624
624
624
624
624
624
624
624
624
624
624
624
624
624
624
624
624
624
624
624
624
624
624
624
624
624
624
624
624
624
624
624
624
624
624
624
624
624
624
624
624
624
624
624
624
624
624
624
624
624
624
624
624
624
624
624
624
624
624
624
624
624
624
624
624
624
624
624
624
624
624
624
624
624
624
624
624
624
624
624
624
624
624
624
624
624
624
624
624
624
624
624
624
624
624
624
624
624
624
624
624
624
624
624
624
624
624
624
624
624
624
624
624
624
624
624
624
624
624
624
624
624
624
624
624
624
624
624
624
624
624
624
624
624
624
624
624
624
624
624
624
624
624
624
624
624
624
624
624
624
624
624
624
624
624
624
624
624
624
624
624
624
624
624
624
624
624
624
624
624
624
624
624
624
624
624
624
624
624
624
624
624
624
624
624
624
624
624
624
624
624
624
624
624
624
624
624
624
624
624
624
624
624
624
624
624
624
624
624
624
624
624
624
624
624
624
624
624
624
624
624
624
624
624
624
624
624
624
624
624
624
624
624
624
624
624
624
624
624
624
624
624
624
624
624
624
624
624
624
624
624
624
624
624
624
624
624
624
624
624
624
624
624
624
624
624
624
624
624
624
624
624
624
624
624
624
624
624
624
624
624
624
624
624
624
624
624
624
624
624
624
624
624
624
624
624
624
624
624
624
624
624
624
624
624
624
624
624
624
624
624
624
624
624
624
624
624
624
624
624
624
624
624
624
624
624
624
624
624
624
624
624
624
624
624
624
624
624
624
624
624
624
624
624
624
624
624
624
624
624
624
624
624
624
624
624
624
624
624
624
624
624
624
624
624
624
624
624
624
624
624
624
624
624
624
624
624
624
624
624
624
624
624
624
624
624
624
624
624
624
624
624
624
624
624
624
624
624
624
624
624
624
624
624
624
624
624
624
624
624
624
624
624
624
624
624
624
624
624
624
624
624
624
624
624
624
624
624
624
624
624
624
624
624
624
624
624
624
624
624
624
624
624
624
624
624
624
624
624
624
624
624
624
624
624
624
624
624
624
624
624
624
624
624
624
624
624
624
624
624
624
624
624
624
624
624
624
624
624
624
624
624
624
624
624
624
624
624
624
624
624
624
624
624
624
624
624
624
624
624
624
624
624
624
624
624
624
624
624
624
624
624
624
624
624
624
624
624
624
624
624
624
624
624
624
624
624
624
624
624
624
624
624
624
624
624
624
624
624
624
624
624
624
624
624
624
624
624
624
624
624
624
624
624
624
624
624
624
624
624
624
624
624
624
624
624
624
624
624
624
624
624
624
624
624
624
624
624
624
624
624
624
624
624
624
624
624
624
624
624
624
624
624
624
624
624
624
624
624
624
624
624
624
624
624
624
624
624
624
624
624
624
624
624
624
624
624
624
624
624
624
624
624
624
624
624
624
624
624
624
624
624
624
624
624
624
624
624
624
624
624
624
624
624
624
624
624
624
624
624
624
624
624
624
624
624
624
624
624
624
624
624
624
624
624
624
624
624
624
624
624
624
624
624
624
624
624
624
624
624
624
624
624
624
624
624
624
624
624
624
624
624
624
624
624
624
624
624
624
624
624
624
624
624
624
624
624
624
624
624
624
624
624
624
624
624
624
624
624
624
624
624
624
624
624
624
624
624
624
624
624
624
624
624
624
624
624
624
624
624
624
624
624
624
624
624
624
624
624
624
624
624
624
624
624
624
624
624
624
624
624
624
624
624
624
624
624
624
624
624
624
624
624
624
624
624
624
624
624
624
624
624
624
624
624
624
624
624
624
624
624
624
624
624
624
624
624
624
624
624
624
624
624
624
624
624
624
624
624
624
624
624
624
624
624
624
624
624
624
624
624
624
624
624
624
624
624
624
624
624
624
624
624
624
624
624
624
624
624
624
624
624
624
624
624
624
624
624
624
624
624
624
624
624
624
624
624
624
624
624
624
624
624
624
624
624
624
624
624
624
624
624
624
624
624
624
624
624
624
624
624
624
624
624
624
624
624
624
624
624
624
624
624
624
624
624
624
624
624
624
624
624
624
624
624
624
624
624
624
624
624
624
624
624
624
624
624
624
624
624
624
624
624
624
624
624
624
624
624
624
624
624
624
624
624
624
624
624
624
624
624
624
624
624
624
624
624
624
624
624
624
624
624
624
624
624
624
624
624
624
624
624
624
624
624
624
624
624
624
624
624
624
624
624
624
624
624
624
624
624
624
624
624
624
624
624
624
624
624
624
624
624
624
624
624
624
624
624
624
624
624
624
624
624
624
624
624
624
624
624
624
624
624
624
624
624
624
624
624
624
624
624
624
624
624
624
624
624
624
624
624
624
624
624
624
624
624
624
624
624
624
624
624
624
624
624
624
624
624
624
624
624
624
624
624
624
624
624
624
624
624
624
624
624
624
624
624
624
624
624
624
624
624
624
624
624
624
624
624
624
624
624
624
624
624
624
624
624
624
624
624
624
624
624
624
624
624
624
624
624
624
624
624
624
624
624
624
624
624
624
624
624
624
624
624
624
624
624
624
624
624
624
624
624
624
624
624
624
624
624
624
624
624
624
624
624
624
624
624
624
624
624
624
624
624
624
624
624
624
624
624
624
624
624
624
624
624
624
624
624
624
624
624
624
624
624
624
624
624
624
624
624
624
624
624
624
624
624
624
624
624
624
624
624
624
624
624
624
624
624
624
624
624
624
624
624
624
624
624
624
624
624
624
624
624
624
624
624
624
624
624
624
624
624
624
624
624
624
624
624
624
624
624
624
624
624
624
624
624
624
624
624
624
624
624
624
624
624
624
624
624
624
624
624
624
624
624
624
624
624
624
624
624
624
624
624
624
624
624
624
624
624
624
624
624
624
624
624
624
624
624
624
624
624
624
624
624
624
624
624
624
624
624
624
624
624
624
624
624
624
624
624
624
624
624
624
624
624
624
624
624
624
624
624
624
624
624
624
624
624
624
624
624
624
624
624
624
624
624
624
624
624
624
624
624
624
624
624
624
624
624
624
624
624
624
624
624
624
624
624
624
624
624
624
624
624
624
624
624
624
624
624
624
624
624
624
624
624
624
624
624
624
624
624
624
624
624
624
624
624
624
624
624
624
624
624
624
624
624
624
624
624
624
624
624
624
624
624
624
624
624
624
624
624
624
624
624
624
624
624
624
624
624
624
624
624
624
624
624
624
624
624
624
624
624
624
624
624
624
624
624
624
624
624
624
624
624
624
624
624
624
624
624
624
624
624
624
624
624
624
624
624
624
624
624
624
624
624
624
624
624
624
624
624
624
624
624
624
624
624
624
624
624
624
624
624
624
624
624
624
624
624
624
624
624
624
624
624
624
624
624
624
624
624
624
624
624
624
624
624
624
624
624
624
624
624
624
624
624
624
624
624
624
624
624
624
624
624
624
624
624
624
624
624
624
624
624
624
624
624
624
624
624
624
624
624
624
624
624
624
624
624
624
624
624
624
624
624
624
624
624
624
624
624
624
624
624
624
624
624
624
624
624
624
624
624
624
624
624
624
624
624
624
624
624
624
624
624
624
624
624
624
624
624
624
624
624
624
624
624
624
624
624
624
624
624
624
624
624
624
624
624
624
624
624
624
624
624
624
624
624
624
624
624
624
624
624
624
624
624
624
624
624
624
624
624
624
624
624
624
624
624
624
624
624
624
624
624
624
624
624
624
624
624
624
624
624
624
624
624
624
624
624
624
624
624
624
624
624
624
624
624
624
624
624
624
624
624
624
624
624
624
624
624
624
624
624
624
624
624
624
624
624
624
624
624
624
624
624
624
624
624
624
624
624
624
624
624
624
624
624
624
624
624
624
624
624
624
624
624
624
624
624
624
624
624
624
624
624
624
624
624
624
624
624
624
624
624
624
624
624
624
624
624
624
624
624
624
624
624
624
624
624
624
624
624
624
624
624
624
624
624
624
624
624
624
624
624
624
624
624
624
624
624
624
624
624
624
624
624
624
624
624
624
624
624
624
624
624
624
624
624
624
624
624
624
624
624
624
624
624
624
624
624
624
624
624
624
624
624
624
624
624
624
624
624
624
624
624
624
624
624
624
624
624
624
624
624
624
624
624
624
624
624
624
624
624
624
624
624
624
624
624
624
624
624
624
624
624
624
624
624
624
624
624
624
624
624
624
624
624
624
624
624
624
624
624
624
624
624
624
624
624
624
624
624
624
624
624
624
624
624
624
624
624
624
624
624
624
624
624
624
624
624
624
624
624
624
624
624
624
624
624
624
624
624
624
624
624
624
624
624
624
624
624
624
624
624
624
624
624
624
624
624
624
624
624
624
624
624
624
624
624
624
624
624
624
624
624
624
624
624
624
624
624
624
624
624
624
624
624
624
624
624
624
624
624
624
624
624
624
624
624
624
624
624
624
624
624
624
624
624
624
624
624
624
624
624
624
624
624
624
624
624
624
624
624
624
624
624
624
624
624
624
624
624
624
624
624
624
624
624
624
624
624
624
624
624
624
624
624
624
624
624
624
624
624
624
624
624
624
624
624
624
624
624
624
624
624
624
624
624
624
624
624
624
624
624
624
624
624
624
624
624
624
624
624
624
624
624
624
624
624
624
624
624
624
624
624
624
624
624
624
624
624
624
624
624
624
624
624
624
624
624
624
624
624
624
624
624
624
624
624
624
624
624
624
624
624
624
624
624
624
624
624
624
624
624
624
624
624
624
624
624
624
624
624
624
624
624
624
624
624
624
624
624
624
624
624
624
624
624
624
624
624
624
624
624
624
624
624
624
624
624
624
624
624
624
624
624
624
624
624
624
624
624
624
624
624
624
624
624
624
624
624
624
624
624
624
624
624
624
624
624
624
624
624
624
624
624
624
624
624
624
624
624
624
624
624
624
624
624
624
624
624
624
624
624
624
624
624
624
624
624
624
624
624
624
624
624
624
624
624
624
624
624
624
624
624
624
624
624
624
624
624
624
624
624
624
624
624
624
624
624
624
624
624
624
624
624
624
624
624
624
624
624
624
624
624
624
624
624
624
624
624
624
624
624
624
624
624
624
624
624
624
624
624
624
624
624
624
624
624
624
624
624
624
624
624
624
624
624
624
624
624
624
624
624
624
624
624
624
624
624
624
624
624
624
624
624
624
624
624
624
624
624
624
624
624
624
624
624
624
624
624
624
624
624
624
624
624
624
624
624
624
624
624
624
624
624
624
624
624
624
624
624
624
624
624
624
624
624
624
624
624
624
624
624
624
624
624
624
624
624
624
624
624
624
624
624
624
624
624
624
624
624
624
624
624
624
624
624
624
624
624
624
624
624
624
624
624
624
624
624
624
624
624
624
624
624
624
624
624
624
624
624
624
624
624
624
624
624
624
624
624
624
624
624
624
624
624
624
624
624
624
624
624
624
624
624
624
624
624
624
624
624
624
624
624
624
624
624
624
624
624
624
624
624
624
624
624
624
624
624
624
624
624
624
624
624
624
624
624
624
624
624
624
624
624
624
624
624
624
624
624
624
624
624
624
624
624
624
624
624
624
624
624
624
624
624
624
624
624
624
624
624
624
624
624
624
624
624
624
624
624
624
624
624
624
624
624
624
624
624
624
624
624
624
624
624
624
624
624
624
624
624
624
624
624
624
624
624
624
624
624
624
624
624
624
624
624
624
624
624
624
624
624
624
624
624
624
624
624
624
624
624
624
624
624
624
624
624
624
624
624
624
624
624
624
624
624
624
624
624
624
624
624
624
624
624
624
624
624
624
624
624
624
624
624
624
624
624
624
624
624
624
624
624
624
624
624
624
624
624
624
624
624
624
624
624
624
624
624
624
624
624
624
624
624
624
624
624
624
624
624
624
624
624
624
624
624
624
624
624
624
624
624
624
624
624
624
624
624
624
624
624
624
624
624
624
624
624
624
624
624
624
624
624
624
624
624
624
624
624
624
624
624
624
624
624
624
624
624
624
624
624
624
624
624
624
624
624
624
624
624
624
624
624
624
624
624
624
624
624
624
624
624
624
624
624
624
624
624
624
624
624
624
624
624
624
624
624
624
624
624
624
624
624
624
624
624
624
624
624
624
624
624
624
624
624
624
624
624
624
624
624
624
624
624
624
624
624
624
624
624
624
624
624
624
624
624
624
624
624
624
624
624
624
624
624
624
624
624
624
624
624
624
624
624
624
624
624
624
624
624
624
624
624
624
624
624
624
624
624
624
624
624
624
624
624
624
624
624
624
624
624
624
624
624
624
624
624
624
624
624
624
624
624
624
624
624
624
624
624
624
624
624
624
624
624
624
624
624
624
624
624
624
624
624
624
624
624
624
624
624
624
624
624
624
624
624
624
624
624
624
624
624
624
624
624
624
624
624
624
624
624
624
624
624
624
624
624
624
624
624
624
624
624
624
624
624
624
624
624
624
624
624
624
624
624
624
624
624
624
624
624
624
624
624
624
624
624
624
624
624
624
624
624
624
624
624
624
624
624
624
624
624
624
624
624
624
624
624
624
624
624
624
624
624
624
624
624
624
624
624
624
624
624
624
624
624
624
624
624
624
624
624
624
624
624
624
624
624
624
624
624
624
624
624
624
624
624
624
624
624
624
624
624
624
624
624
624
624
624
624
624
624
624
624
624
624
624
624
624
624
624
624
624
624
624
624
624
624
624
624
624
624
624
624
624
624
624
624
624
624
624
624
624
624
624
624
624
624
624
624
624
624
624
624
624
624
624
624
624
624
624
624
624
624
624
624
624
624
624
624
624
624
624
624
624
624
624
624
624
624
624
624
624
624
624
624
624
624
624
624
624
624
624
624
624
624
624
624
624
624
624
624
624
624
624
624
624
624
624
624
624
624
624
624
624
624
624
624
624
624
624
624
624
624
624
624
624
624
624
624
624
624
624
624
624
624
624
624
624
624
624
624
624
624
624
624
624
624
624
624
624
624
624
624
624
624
624
624
624
624
624
624
624
624
624
624
624
624
624
624
624
624
624
624
624
624
624
624
624
624
624
624
624
624
624
624
624
624
624
624
624
624
624
624
624
624
624
624
624
624
624
624
624
624
624
624
624
624
624
624
624
624
624
624
624
624
624
624
624
624
624
624
624
624
624
624
624
624
624
624
624
624
624
624
624
624
624
624
624
624
624
624
624
624
624
624
624
624
624
624
624
624
624
624
624
624
624
624
624
624
624
624
624
624
624
624
624
624
624
624
624
624
624
624
624
624
624
624
624
624
624
624
624
624
624
624
624
624
624
624
624
624
624
624
624
624
624
624
624
624
624
624
624
624
624
624
624
624
624
624
624
624
624
624
624
624
624
624
624
624
624
624
624
624
624
624
624
624
624
624
624
624
624
624
624
624
624
624
624
624
624
624
624
624
624
624
624
624
624
624
624
624
624
624
624
624
624
624
624
624
624
624
624
624
624
624
624
624
624
624
624
624
624
624
624
624
624
624
624
624
624
624
624
624
624
624
624
624
624
624
624
624
624
624
624
624
624
624
624
624
624
624
624
624
624
624
624
624
624
624
624
624
624
624
624
624
624
624
624
624
624
624
624
624
624
624
624
624
624
624
624
624
624
624
624
624
624
624
624
624
624
624
624
624
624
624
624
624
624
624
624
624
624
624
624
624
624
624
624
624
624
624
624
624
624
624
624
624
624
624
624
624
624
624
624
624
624
624
624
624
624
624
624
624
624
624
624
624
624
624
624
624
624
624
624
624
624
624
624
624
624
624
624
624
624
624
624
624
624
624
624
624
624
624
624
624
624
624
624
624
624
624
624
624
624
624
624
624
624
624
624
624
624
624
624
624
624
624
624
624
624
624
624
624
624
624
624
624
624
624
624
624
624
624
624
624
624
624
624
624
624
624
624
624
624
624
624
624
624
624
624
624
624
624
624
624
624
624
624
624
624
624
624
624
624
624
624
624
624
624
624
624
624
624
624
624
624
624
624
624
624
624
624
624
624
624
624
624
624
624
624
624
624
624
624
624
624
624
624
624
624
624
624
624
624
624
624
624
624
624
624
624
624
624
624
624
624
624
624
624
624
624
624
624
624
624
624
624
624
624
624
624
624
624
624
624
624
624
624
624
624
624
624
624
624
624
624
624
624
624
624
624
624
624
624
624
624
624
624
624
624
624
624
624
624
624
624
624
624
624
624
624
624
624
624
624
624
624
624
624
624
624
624
624
624
624
624
624
624
624
624
624
624
624
624
624
624
624
624
624
624
624
624
624
624
624
624
624
624
624
624
624
624
624
624
624
624
624
624
624
624
624
624
624
624
624
624
624
624
624
624
624
624
624
624
624
624
624
624
624
624
624
624
624
624
624
624
624
624
624
624
624
624
624
624
624
624
624
624
624
624
624
624
624
624
624
624
624
624
624
624
624
624
624
624
624
624
624
624
624
624
624
624
624
624
624
624
624
624
624
624
624
624
624
624
624
624
624
624
624
624
624
624
624
624
624
624
624
624
624
624
624
624
624
624
624
624
624
624
624
624
624
624
624
624
624
624
624
624
624
624
624
624
624
624
624
624
624
624
624
624
624
624
624
624
624
624
624
624
624
624
624
624
624
624
624
624
624
624
624
624
624
624
624
624
624
624
624
624
624
624
624
624
624
624
624
624
624
624
624
624
624
624
624
624
624
624
624
624
624
624
624
624
624
624
624
624
624
624
624
624
624
624
624
624
624
624
624
624
624
624
624
624
624
624
624
624
624
624
624
624
624
624
624
624
624
624
624
624
624
624
624
624
624
624
624
624
624
624
624
624
624
624
624
624
624
624
624
624
624
624
624
624
624
624
624
624
624
624
624
624
624
624
624
624
624
624
624
624
624
624
624
624
624
624
624
624
624
624
624
624
624
624
624
624
624
624
624
624
624
624
624
624
624
624
624
624
624
624
624
624
624
624
624
624
624
624
624
624
624
624
624
624
624
624
624
624
624
624
624
624
624
624
624
624
624
624
624
624
624
624
624
624
624
624
624
624
624
624
624
624
624
624
624
624
624
624
624
624
624
624
624
624
624
624
624
624
624
624
624
624
624
624
624
624
624
624
624
624
624
624
624
624
624
624
624
624
624
624
624
624
624
624
624
624
624
624
624
624
624
624
624
624
624
624
624
624
624
624
624
624
624
624
624
624
624
624
624
624
624
624
624
624
624
624
624
624
624
624
624
624
624
624
624
624
624
624
624
624
624
624
624
624
624
624
624
624
624
624
624
624
624
624
624
624
624
624
624
624
624
624
624
624
624
624
624
624
624
624
624
624
624
624
624
624
624
624
624
624
624
624
624
624
624
624
624
624
624
624
624
624
624
624
624
624
624
624
624
624
624
624
624
624
624
624
624
624
624
624
624
624
624
624
624
624
624
624
624
624
624
624
624
624
624
624
624
624
624
624
624
624
624
624
624
624
624
624
624
624
624
624
624
624
624
624
624
624
624
624
624
624
624
624
624
624
624
624
624
624
624
624
624
624
624
624
624
624
624
624
624
624
624
624
624
624
624
624
624
624
624
624
624
624
624
624
624
624
624
624
624
624
624
624
624
624
624
624
624
624
624
624
624
624
624
